Image,Class
image10.jpg,Miscellaneous
image100.jpg,Airplane
image1013.jpg,Jacket
image1014.jpg,Miscellaneous
image1018.jpg,Christmas_Tree
image1019.jpg,Miscellaneous
image1021.jpg,Jacket
image1023.jpg,Airplane
image1024.jpg,Miscellaneous
image1029.jpg,Christmas_Tree
image1030.jpg,Airplane
image1031.jpg,Christmas_Tree
image1032.jpg,Miscellaneous
image1034.jpg,Christmas_Tree
image1035.jpg,Jacket
image1040.jpg,Jacket
image1042.jpg,Jacket
image1043.jpg,Miscellaneous
image1045.jpg,Miscellaneous
image1048.jpg,Candle
image1049.jpg,Miscellaneous
image105.jpg,Airplane
image1051.jpg,Candle
image1052.jpg,Airplane
image1055.jpg,Jacket
image1058.jpg,Miscellaneous
image1059.jpg,Miscellaneous
image1061.jpg,Candle
image1062.jpg,Jacket
image1063.jpg,Christmas_Tree
image107.jpg,Airplane
image1073.jpg,Miscellaneous
image1078.jpg,Candle
image108.jpg,Miscellaneous
image1080.jpg,Miscellaneous
image1085.jpg,Christmas_Tree
image1086.jpg,Miscellaneous
image1087.jpg,Miscellaneous
image1093.jpg,Snowman
image1095.jpg,Miscellaneous
image1097.jpg,Jacket
image11.jpg,Airplane
image110.jpg,Miscellaneous
image1100.jpg,Jacket
image1110.jpg,Snowman
image1114.jpg,Candle
image1120.jpg,Miscellaneous
image1121.jpg,Miscellaneous
image1125.jpg,Miscellaneous
image1126.jpg,Miscellaneous
image1127.jpg,Jacket
image1129.jpg,Christmas_Tree
image113.jpg,Miscellaneous
image1130.jpg,Miscellaneous
image1138.jpg,Miscellaneous
image1139.jpg,Miscellaneous
image1140.jpg,Candle
image1142.jpg,Christmas_Tree
image1145.jpg,Snowman
image1147.jpg,Christmas_Tree
image1148.jpg,Miscellaneous
image1150.jpg,Jacket
image1157.jpg,Christmas_Tree
image1160.jpg,Miscellaneous
image1161.jpg,Christmas_Tree
image1167.jpg,Christmas_Tree
image1171.jpg,Candle
image1173.jpg,Miscellaneous
image1175.jpg,Christmas_Tree
image1177.jpg,Airplane
image118.jpg,Airplane
image1180.jpg,Christmas_Tree
image1181.jpg,Airplane
image1182.jpg,Miscellaneous
image1183.jpg,Snowman
image1188.jpg,Miscellaneous
image119.jpg,Miscellaneous
image1193.jpg,Miscellaneous
image12.jpg,Miscellaneous
image1200.jpg,Airplane
image1201.jpg,Christmas_Tree
image1204.jpg,Miscellaneous
image1205.jpg,Jacket
image1218.jpg,Christmas_Tree
image1220.jpg,Airplane
image1221.jpg,Candle
image1222.jpg,Miscellaneous
image1226.jpg,Christmas_Tree
image1228.jpg,Christmas_Tree
image1230.jpg,Snowman
image1231.jpg,Miscellaneous
image1233.jpg,Airplane
image1242.jpg,Airplane
image1245.jpg,Candle
image125.jpg,Jacket
image1251.jpg,Christmas_Tree
image1254.jpg,Jacket
image1257.jpg,Miscellaneous
image1259.jpg,Miscellaneous
image126.jpg,Airplane
image1260.jpg,Candle
image1262.jpg,Miscellaneous
image1263.jpg,Christmas_Tree
image1264.jpg,Snowman
image1265.jpg,Miscellaneous
image127.jpg,Airplane
image1270.jpg,Jacket
image1272.jpg,Christmas_Tree
image1273.jpg,Miscellaneous
image1277.jpg,Jacket
image1279.jpg,Jacket
image1280.jpg,Miscellaneous
image1282.jpg,Airplane
image1283.jpg,Christmas_Tree
image1289.jpg,Airplane
image129.jpg,Christmas_Tree
image1298.jpg,Miscellaneous
image13.jpg,Miscellaneous
image1301.jpg,Miscellaneous
image1303.jpg,Christmas_Tree
image1305.jpg,Airplane
image1307.jpg,Christmas_Tree
image1309.jpg,Miscellaneous
image1314.jpg,Miscellaneous
image1316.jpg,Candle
image1320.jpg,Miscellaneous
image1323.jpg,Miscellaneous
image1334.jpg,Christmas_Tree
image1337.jpg,Jacket
image1344.jpg,Candle
image1345.jpg,Airplane
image1346.jpg,Christmas_Tree
image1350.jpg,Miscellaneous
image1351.jpg,Christmas_Tree
image1352.jpg,Christmas_Tree
image1355.jpg,Miscellaneous
image1358.jpg,Miscellaneous
image1359.jpg,Miscellaneous
image136.jpg,Miscellaneous
image1361.jpg,Miscellaneous
image1362.jpg,Miscellaneous
image1365.jpg,Snowman
image1366.jpg,Christmas_Tree
image1368.jpg,Miscellaneous
image137.jpg,Candle
image1370.jpg,Jacket
image1371.jpg,Airplane
image1382.jpg,Miscellaneous
image1385.jpg,Jacket
image1386.jpg,Miscellaneous
image1389.jpg,Miscellaneous
image139.jpg,Christmas_Tree
image1392.jpg,Miscellaneous
image1396.jpg,Candle
image1398.jpg,Miscellaneous
image1399.jpg,Miscellaneous
image1404.jpg,Miscellaneous
image1406.jpg,Jacket
image1410.jpg,Christmas_Tree
image1412.jpg,Christmas_Tree
image1417.jpg,Snowman
image1419.jpg,Airplane
image142.jpg,Miscellaneous
image1422.jpg,Candle
image1424.jpg,Jacket
image1429.jpg,Christmas_Tree
image1430.jpg,Miscellaneous
image1433.jpg,Candle
image1435.jpg,Snowman
image1439.jpg,Miscellaneous
image144.jpg,Candle
image1440.jpg,Candle
image1442.jpg,Miscellaneous
image1447.jpg,Snowman
image145.jpg,Candle
image1452.jpg,Christmas_Tree
image1457.jpg,Miscellaneous
image1459.jpg,Candle
image146.jpg,Miscellaneous
image1460.jpg,Christmas_Tree
image1461.jpg,Miscellaneous
image1462.jpg,Miscellaneous
image1466.jpg,Jacket
image1470.jpg,Christmas_Tree
image1472.jpg,Miscellaneous
image1473.jpg,Miscellaneous
image1478.jpg,Candle
image1479.jpg,Christmas_Tree
image148.jpg,Miscellaneous
image1480.jpg,Jacket
image1483.jpg,Miscellaneous
image1484.jpg,Snowman
image1487.jpg,Airplane
image1488.jpg,Miscellaneous
image1490.jpg,Miscellaneous
image1491.jpg,Miscellaneous
image1492.jpg,Christmas_Tree
image1496.jpg,Miscellaneous
image1498.jpg,Snowman
image15.jpg,Christmas_Tree
image1502.jpg,Miscellaneous
image1505.jpg,Christmas_Tree
image1506.jpg,Christmas_Tree
image1509.jpg,Christmas_Tree
image1510.jpg,Miscellaneous
image1515.jpg,Candle
image1516.jpg,Airplane
image1522.jpg,Miscellaneous
image1523.jpg,Christmas_Tree
image1527.jpg,Airplane
image1529.jpg,Miscellaneous
image153.jpg,Christmas_Tree
image1534.jpg,Miscellaneous
image1539.jpg,Christmas_Tree
image1540.jpg,Christmas_Tree
image1545.jpg,Miscellaneous
image1547.jpg,Christmas_Tree
image1550.jpg,Candle
image1551.jpg,Miscellaneous
image1555.jpg,Christmas_Tree
image1557.jpg,Airplane
image1558.jpg,Christmas_Tree
image1560.jpg,Miscellaneous
image1562.jpg,Snowman
image1564.jpg,Miscellaneous
image157.jpg,Christmas_Tree
image1570.jpg,Jacket
image1576.jpg,Snowman
image1584.jpg,Miscellaneous
image1596.jpg,Snowman
image160.jpg,Miscellaneous
image1601.jpg,Miscellaneous
image1605.jpg,Miscellaneous
image1606.jpg,Christmas_Tree
image1607.jpg,Candle
image1611.jpg,Candle
image1613.jpg,Miscellaneous
image1614.jpg,Snowman
image1617.jpg,Jacket
image1618.jpg,Miscellaneous
image1621.jpg,Candle
image1622.jpg,Miscellaneous
image1625.jpg,Christmas_Tree
image1633.jpg,Christmas_Tree
image1637.jpg,Christmas_Tree
image1639.jpg,Christmas_Tree
image1645.jpg,Candle
image165.jpg,Miscellaneous
image1660.jpg,Miscellaneous
image1662.jpg,Airplane
image1663.jpg,Snowman
image1666.jpg,Miscellaneous
image1670.jpg,Airplane
image1672.jpg,Candle
image1673.jpg,Airplane
image1674.jpg,Christmas_Tree
image1679.jpg,Miscellaneous
image1682.jpg,Miscellaneous
image1683.jpg,Airplane
image1687.jpg,Jacket
image1693.jpg,Miscellaneous
image1697.jpg,Miscellaneous
image1700.jpg,Christmas_Tree
image1702.jpg,Miscellaneous
image1703.jpg,Snowman
image1707.jpg,Candle
image1709.jpg,Candle
image171.jpg,Christmas_Tree
image1711.jpg,Christmas_Tree
image1714.jpg,Miscellaneous
image1718.jpg,Miscellaneous
image1724.jpg,Candle
image1729.jpg,Candle
image1730.jpg,Christmas_Tree
image1731.jpg,Miscellaneous
image1733.jpg,Jacket
image1737.jpg,Miscellaneous
image1738.jpg,Christmas_Tree
image1739.jpg,Airplane
image1743.jpg,Jacket
image1747.jpg,Christmas_Tree
image1752.jpg,Airplane
image1754.jpg,Miscellaneous
image1757.jpg,Candle
image176.jpg,Miscellaneous
image1763.jpg,Christmas_Tree
image1765.jpg,Miscellaneous
image1768.jpg,Miscellaneous
image1772.jpg,Candle
image1773.jpg,Airplane
image1778.jpg,Candle
image1779.jpg,Miscellaneous
image1783.jpg,Christmas_Tree
image1787.jpg,Candle
image1788.jpg,Christmas_Tree
image1789.jpg,Miscellaneous
image1790.jpg,Christmas_Tree
image1791.jpg,Christmas_Tree
image1792.jpg,Christmas_Tree
image1795.jpg,Christmas_Tree
image1796.jpg,Candle
image180.jpg,Jacket
image1801.jpg,Jacket
image1807.jpg,Airplane
image1809.jpg,Miscellaneous
image1811.jpg,Miscellaneous
image1815.jpg,Christmas_Tree
image1817.jpg,Christmas_Tree
image1818.jpg,Christmas_Tree
image182.jpg,Miscellaneous
image1820.jpg,Miscellaneous
image1821.jpg,Miscellaneous
image1822.jpg,Miscellaneous
image1824.jpg,Airplane
image1829.jpg,Airplane
image1833.jpg,Miscellaneous
image1835.jpg,Candle
image1841.jpg,Christmas_Tree
image1842.jpg,Miscellaneous
image1843.jpg,Jacket
image1850.jpg,Christmas_Tree
image1854.jpg,Miscellaneous
image1855.jpg,Miscellaneous
image1861.jpg,Jacket
image1866.jpg,Miscellaneous
image1868.jpg,Christmas_Tree
image1869.jpg,Jacket
image187.jpg,Christmas_Tree
image1871.jpg,Miscellaneous
image1879.jpg,Christmas_Tree
image1885.jpg,Miscellaneous
image1886.jpg,Snowman
image1889.jpg,Miscellaneous
image1890.jpg,Miscellaneous
image1894.jpg,Christmas_Tree
image1898.jpg,Airplane
image1900.jpg,Miscellaneous
image1902.jpg,Snowman
image1906.jpg,Snowman
image1913.jpg,Christmas_Tree
image1916.jpg,Miscellaneous
image1917.jpg,Christmas_Tree
image192.jpg,Miscellaneous
image1930.jpg,Christmas_Tree
image1932.jpg,Miscellaneous
image1934.jpg,Snowman
image1935.jpg,Miscellaneous
image1943.jpg,Miscellaneous
image1944.jpg,Miscellaneous
image1947.jpg,Airplane
image1948.jpg,Christmas_Tree
image1951.jpg,Airplane
image1953.jpg,Miscellaneous
image196.jpg,Snowman
image1960.jpg,Christmas_Tree
image1962.jpg,Miscellaneous
image1965.jpg,Christmas_Tree
image1968.jpg,Christmas_Tree
image1978.jpg,Christmas_Tree
image1983.jpg,Miscellaneous
image1987.jpg,Miscellaneous
image199.jpg,Miscellaneous
image1990.jpg,Jacket
image1993.jpg,Candle
image1994.jpg,Christmas_Tree
image1996.jpg,Christmas_Tree
image1998.jpg,Christmas_Tree
image2002.jpg,Jacket
image2003.jpg,Airplane
image2004.jpg,Airplane
image2006.jpg,Christmas_Tree
image2011.jpg,Jacket
image2012.jpg,Christmas_Tree
image2014.jpg,Christmas_Tree
image2015.jpg,Christmas_Tree
image2019.jpg,Miscellaneous
image2020.jpg,Miscellaneous
image2021.jpg,Christmas_Tree
image2022.jpg,Airplane
image2023.jpg,Airplane
image2024.jpg,Jacket
image2026.jpg,Miscellaneous
image2029.jpg,Miscellaneous
image203.jpg,Candle
image2034.jpg,Jacket
image2039.jpg,Christmas_Tree
image2043.jpg,Christmas_Tree
image2045.jpg,Miscellaneous
image2047.jpg,Jacket
image2052.jpg,Miscellaneous
image2054.jpg,Miscellaneous
image2056.jpg,Miscellaneous
image2057.jpg,Christmas_Tree
image206.jpg,Miscellaneous
image2060.jpg,Christmas_Tree
image2061.jpg,Candle
image2063.jpg,Airplane
image2066.jpg,Miscellaneous
image2067.jpg,Jacket
image2068.jpg,Miscellaneous
image2071.jpg,Christmas_Tree
image2076.jpg,Jacket
image2078.jpg,Christmas_Tree
image2080.jpg,Christmas_Tree
image2081.jpg,Miscellaneous
image2083.jpg,Miscellaneous
image2087.jpg,Christmas_Tree
image2088.jpg,Miscellaneous
image2089.jpg,Christmas_Tree
image2099.jpg,Airplane
image2103.jpg,Christmas_Tree
image2107.jpg,Airplane
image211.jpg,Christmas_Tree
image2113.jpg,Airplane
image2120.jpg,Christmas_Tree
image2123.jpg,Jacket
image2127.jpg,Miscellaneous
image2129.jpg,Miscellaneous
image213.jpg,Candle
image2135.jpg,Miscellaneous
image2137.jpg,Miscellaneous
image2138.jpg,Miscellaneous
image214.jpg,Miscellaneous
image2140.jpg,Christmas_Tree
image2142.jpg,Miscellaneous
image2143.jpg,Miscellaneous
image2145.jpg,Miscellaneous
image2148.jpg,Jacket
image215.jpg,Airplane
image2150.jpg,Jacket
image2153.jpg,Miscellaneous
image2154.jpg,Jacket
image2156.jpg,Miscellaneous
image2158.jpg,Miscellaneous
image216.jpg,Christmas_Tree
image2161.jpg,Miscellaneous
image2162.jpg,Airplane
image2164.jpg,Snowman
image2167.jpg,Miscellaneous
image2168.jpg,Christmas_Tree
image217.jpg,Christmas_Tree
image2170.jpg,Miscellaneous
image2171.jpg,Jacket
image2175.jpg,Christmas_Tree
image2176.jpg,Miscellaneous
image218.jpg,Miscellaneous
image2180.jpg,Airplane
image2181.jpg,Jacket
image2182.jpg,Christmas_Tree
image2183.jpg,Miscellaneous
image2186.jpg,Christmas_Tree
image2190.jpg,Candle
image2192.jpg,Christmas_Tree
image2193.jpg,Miscellaneous
image2195.jpg,Christmas_Tree
image2196.jpg,Christmas_Tree
image2198.jpg,Miscellaneous
image2200.jpg,Miscellaneous
image2201.jpg,Airplane
image2211.jpg,Miscellaneous
image2215.jpg,Airplane
image2218.jpg,Airplane
image222.jpg,Christmas_Tree
image2225.jpg,Miscellaneous
image2226.jpg,Christmas_Tree
image2227.jpg,Christmas_Tree
image2229.jpg,Christmas_Tree
image2230.jpg,Miscellaneous
image2232.jpg,Airplane
image2233.jpg,Miscellaneous
image2244.jpg,Christmas_Tree
image2246.jpg,Miscellaneous
image2247.jpg,Christmas_Tree
image225.jpg,Jacket
image2256.jpg,Miscellaneous
image2263.jpg,Miscellaneous
image2265.jpg,Jacket
image227.jpg,Christmas_Tree
image2270.jpg,Christmas_Tree
image2273.jpg,Candle
image228.jpg,Miscellaneous
image2282.jpg,Jacket
image2283.jpg,Christmas_Tree
image2289.jpg,Miscellaneous
image229.jpg,Airplane
image2291.jpg,Christmas_Tree
image2293.jpg,Miscellaneous
image2295.jpg,Miscellaneous
image2297.jpg,Miscellaneous
image2298.jpg,Jacket
image2300.jpg,Christmas_Tree
image2301.jpg,Christmas_Tree
image2304.jpg,Christmas_Tree
image2305.jpg,Miscellaneous
image2306.jpg,Candle
image2309.jpg,Miscellaneous
image2312.jpg,Christmas_Tree
image2314.jpg,Christmas_Tree
image2317.jpg,Christmas_Tree
image2319.jpg,Miscellaneous
image2320.jpg,Candle
image2321.jpg,Miscellaneous
image2322.jpg,Christmas_Tree
image2324.jpg,Miscellaneous
image2326.jpg,Airplane
image2327.jpg,Airplane
image2329.jpg,Miscellaneous
image233.jpg,Candle
image2330.jpg,Christmas_Tree
image2331.jpg,Christmas_Tree
image2337.jpg,Miscellaneous
image2341.jpg,Miscellaneous
image2343.jpg,Miscellaneous
image2345.jpg,Christmas_Tree
image2348.jpg,Christmas_Tree
image2349.jpg,Miscellaneous
image2350.jpg,Airplane
image2351.jpg,Snowman
image2354.jpg,Miscellaneous
image2358.jpg,Candle
image2360.jpg,Christmas_Tree
image2362.jpg,Miscellaneous
image2364.jpg,Jacket
image2370.jpg,Miscellaneous
image2374.jpg,Jacket
image2380.jpg,Miscellaneous
image2381.jpg,Christmas_Tree
image2384.jpg,Miscellaneous
image2386.jpg,Miscellaneous
image2388.jpg,Miscellaneous
image2391.jpg,Miscellaneous
image2392.jpg,Miscellaneous
image2396.jpg,Snowman
image2399.jpg,Jacket
image2400.jpg,Christmas_Tree
image2401.jpg,Miscellaneous
image2402.jpg,Christmas_Tree
image2407.jpg,Christmas_Tree
image241.jpg,Miscellaneous
image2413.jpg,Miscellaneous
image2417.jpg,Jacket
image2421.jpg,Christmas_Tree
image2425.jpg,Jacket
image2429.jpg,Jacket
image243.jpg,Snowman
image2438.jpg,Candle
image2439.jpg,Christmas_Tree
image244.jpg,Miscellaneous
image2446.jpg,Christmas_Tree
image245.jpg,Miscellaneous
image2452.jpg,Miscellaneous
image2457.jpg,Miscellaneous
image246.jpg,Airplane
image2461.jpg,Candle
image2463.jpg,Miscellaneous
image2464.jpg,Candle
image2473.jpg,Miscellaneous
image2475.jpg,Jacket
image2476.jpg,Miscellaneous
image2479.jpg,Jacket
image248.jpg,Snowman
image2480.jpg,Christmas_Tree
image2481.jpg,Candle
image2482.jpg,Airplane
image2483.jpg,Miscellaneous
image2484.jpg,Miscellaneous
image2485.jpg,Christmas_Tree
image2486.jpg,Miscellaneous
image2488.jpg,Miscellaneous
image2490.jpg,Christmas_Tree
image2491.jpg,Christmas_Tree
image2497.jpg,Jacket
image2499.jpg,Candle
image25.jpg,Christmas_Tree
image2500.jpg,Miscellaneous
image2502.jpg,Miscellaneous
image2505.jpg,Christmas_Tree
image2508.jpg,Miscellaneous
image2510.jpg,Christmas_Tree
image2513.jpg,Candle
image2515.jpg,Miscellaneous
image2519.jpg,Miscellaneous
image252.jpg,Miscellaneous
image2528.jpg,Airplane
image253.jpg,Christmas_Tree
image2530.jpg,Jacket
image2532.jpg,Christmas_Tree
image254.jpg,Miscellaneous
image2540.jpg,Christmas_Tree
image2541.jpg,Airplane
image2542.jpg,Miscellaneous
image2545.jpg,Snowman
image2548.jpg,Miscellaneous
image255.jpg,Miscellaneous
image2552.jpg,Christmas_Tree
image2560.jpg,Miscellaneous
image2561.jpg,Christmas_Tree
image2562.jpg,Miscellaneous
image2564.jpg,Christmas_Tree
image2566.jpg,Christmas_Tree
image2571.jpg,Miscellaneous
image2572.jpg,Airplane
image2573.jpg,Miscellaneous
image2576.jpg,Jacket
image2581.jpg,Miscellaneous
image2586.jpg,Candle
image2588.jpg,Miscellaneous
image2594.jpg,Miscellaneous
image2597.jpg,Christmas_Tree
image26.jpg,Miscellaneous
image2603.jpg,Miscellaneous
image2605.jpg,Miscellaneous
image2607.jpg,Airplane
image2610.jpg,Christmas_Tree
image2611.jpg,Miscellaneous
image2614.jpg,Airplane
image2615.jpg,Jacket
image2616.jpg,Christmas_Tree
image2619.jpg,Christmas_Tree
image262.jpg,Candle
image2620.jpg,Candle
image2621.jpg,Miscellaneous
image2624.jpg,Miscellaneous
image2628.jpg,Christmas_Tree
image263.jpg,Candle
image2630.jpg,Miscellaneous
image2632.jpg,Miscellaneous
image2635.jpg,Christmas_Tree
image2643.jpg,Candle
image2644.jpg,Christmas_Tree
image2645.jpg,Jacket
image2646.jpg,Jacket
image2647.jpg,Airplane
image2648.jpg,Christmas_Tree
image2649.jpg,Miscellaneous
image2656.jpg,Christmas_Tree
image2657.jpg,Christmas_Tree
image2659.jpg,Christmas_Tree
image2660.jpg,Christmas_Tree
image2661.jpg,Christmas_Tree
image2665.jpg,Miscellaneous
image2666.jpg,Miscellaneous
image2667.jpg,Airplane
image2669.jpg,Miscellaneous
image267.jpg,Christmas_Tree
image2673.jpg,Christmas_Tree
image2674.jpg,Miscellaneous
image2675.jpg,Miscellaneous
image2676.jpg,Christmas_Tree
image2681.jpg,Christmas_Tree
image2682.jpg,Airplane
image2685.jpg,Jacket
image2687.jpg,Miscellaneous
image2688.jpg,Miscellaneous
image269.jpg,Snowman
image2690.jpg,Miscellaneous
image2696.jpg,Miscellaneous
image2699.jpg,Miscellaneous
image27.jpg,Candle
image2700.jpg,Christmas_Tree
image2712.jpg,Airplane
image2716.jpg,Miscellaneous
image2718.jpg,Miscellaneous
image2719.jpg,Snowman
image2720.jpg,Airplane
image2725.jpg,Miscellaneous
image2726.jpg,Christmas_Tree
image2727.jpg,Airplane
image273.jpg,Christmas_Tree
image2731.jpg,Candle
image2732.jpg,Miscellaneous
image2733.jpg,Christmas_Tree
image274.jpg,Miscellaneous
image2740.jpg,Christmas_Tree
image2741.jpg,Miscellaneous
image2747.jpg,Airplane
image2748.jpg,Miscellaneous
image2749.jpg,Candle
image2750.jpg,Airplane
image2753.jpg,Christmas_Tree
image2754.jpg,Christmas_Tree
image2756.jpg,Miscellaneous
image276.jpg,Christmas_Tree
image2766.jpg,Christmas_Tree
image2770.jpg,Snowman
image2771.jpg,Candle
image2774.jpg,Christmas_Tree
image2780.jpg,Christmas_Tree
image2783.jpg,Christmas_Tree
image2786.jpg,Candle
image2790.jpg,Airplane
image2796.jpg,Miscellaneous
image2799.jpg,Miscellaneous
image280.jpg,Miscellaneous
image2801.jpg,Christmas_Tree
image2803.jpg,Miscellaneous
image2807.jpg,Miscellaneous
image281.jpg,Candle
image2810.jpg,Miscellaneous
image2815.jpg,Candle
image2817.jpg,Christmas_Tree
image2819.jpg,Miscellaneous
image2821.jpg,Jacket
image2827.jpg,Miscellaneous
image2830.jpg,Christmas_Tree
image2831.jpg,Christmas_Tree
image2833.jpg,Christmas_Tree
image2836.jpg,Snowman
image284.jpg,Christmas_Tree
image2840.jpg,Miscellaneous
image2841.jpg,Candle
image2842.jpg,Airplane
image2843.jpg,Jacket
image2844.jpg,Christmas_Tree
image2847.jpg,Christmas_Tree
image2848.jpg,Miscellaneous
image2849.jpg,Jacket
image285.jpg,Jacket
image2850.jpg,Jacket
image2852.jpg,Miscellaneous
image2855.jpg,Christmas_Tree
image2856.jpg,Miscellaneous
image2857.jpg,Miscellaneous
image2862.jpg,Christmas_Tree
image2863.jpg,Miscellaneous
image2866.jpg,Miscellaneous
image2868.jpg,Christmas_Tree
image2869.jpg,Miscellaneous
image2872.jpg,Miscellaneous
image2873.jpg,Candle
image2874.jpg,Miscellaneous
image2876.jpg,Candle
image2884.jpg,Christmas_Tree
image2886.jpg,Miscellaneous
image2887.jpg,Miscellaneous
image2888.jpg,Snowman
image2889.jpg,Candle
image289.jpg,Airplane
image2890.jpg,Miscellaneous
image2891.jpg,Christmas_Tree
image2892.jpg,Airplane
image2894.jpg,Christmas_Tree
image2895.jpg,Christmas_Tree
image2896.jpg,Christmas_Tree
image2900.jpg,Miscellaneous
image2903.jpg,Christmas_Tree
image2904.jpg,Miscellaneous
image2905.jpg,Snowman
image2907.jpg,Miscellaneous
image2908.jpg,Christmas_Tree
image2911.jpg,Airplane
image2912.jpg,Snowman
image2913.jpg,Christmas_Tree
image2915.jpg,Jacket
image2919.jpg,Christmas_Tree
image292.jpg,Miscellaneous
image2922.jpg,Jacket
image2924.jpg,Airplane
image2928.jpg,Snowman
image2929.jpg,Christmas_Tree
image293.jpg,Miscellaneous
image2930.jpg,Airplane
image2931.jpg,Miscellaneous
image2933.jpg,Snowman
image2935.jpg,Miscellaneous
image2939.jpg,Jacket
image2941.jpg,Miscellaneous
image2944.jpg,Christmas_Tree
image2945.jpg,Miscellaneous
image2946.jpg,Christmas_Tree
image2950.jpg,Airplane
image2956.jpg,Snowman
image2957.jpg,Christmas_Tree
image2960.jpg,Miscellaneous
image2966.jpg,Snowman
image2968.jpg,Christmas_Tree
image297.jpg,Airplane
image2973.jpg,Christmas_Tree
image2975.jpg,Miscellaneous
image2978.jpg,Candle
image298.jpg,Jacket
image2982.jpg,Miscellaneous
image2983.jpg,Christmas_Tree
image2984.jpg,Jacket
image2987.jpg,Candle
image299.jpg,Christmas_Tree
image2991.jpg,Miscellaneous
image2992.jpg,Miscellaneous
image2996.jpg,Snowman
image2997.jpg,Airplane
image30.jpg,Christmas_Tree
image300.jpg,Christmas_Tree
image3001.jpg,Miscellaneous
image3004.jpg,Jacket
image3009.jpg,Candle
image301.jpg,Candle
image3014.jpg,Christmas_Tree
image3015.jpg,Jacket
image3018.jpg,Christmas_Tree
image302.jpg,Miscellaneous
image3025.jpg,Miscellaneous
image3026.jpg,Christmas_Tree
image3027.jpg,Airplane
image3032.jpg,Miscellaneous
image3038.jpg,Miscellaneous
image304.jpg,Christmas_Tree
image3040.jpg,Jacket
image3041.jpg,Snowman
image3042.jpg,Miscellaneous
image3045.jpg,Christmas_Tree
image3049.jpg,Miscellaneous
image305.jpg,Jacket
image3053.jpg,Christmas_Tree
image3054.jpg,Miscellaneous
image3058.jpg,Christmas_Tree
image3062.jpg,Miscellaneous
image3070.jpg,Candle
image3071.jpg,Christmas_Tree
image3073.jpg,Miscellaneous
image3074.jpg,Miscellaneous
image3076.jpg,Miscellaneous
image3077.jpg,Miscellaneous
image3079.jpg,Miscellaneous
image308.jpg,Christmas_Tree
image3081.jpg,Miscellaneous
image3082.jpg,Jacket
image3084.jpg,Miscellaneous
image3089.jpg,Miscellaneous
image3090.jpg,Christmas_Tree
image3095.jpg,Airplane
image3096.jpg,Miscellaneous
image3097.jpg,Miscellaneous
image3099.jpg,Miscellaneous
image3100.jpg,Miscellaneous
image3110.jpg,Jacket
image3111.jpg,Jacket
image3113.jpg,Miscellaneous
image3116.jpg,Christmas_Tree
image3118.jpg,Miscellaneous
image312.jpg,Jacket
image3120.jpg,Candle
image3124.jpg,Miscellaneous
image3127.jpg,Jacket
image3129.jpg,Miscellaneous
image313.jpg,Candle
image3132.jpg,Miscellaneous
image3137.jpg,Airplane
image3143.jpg,Christmas_Tree
image3145.jpg,Christmas_Tree
image3148.jpg,Christmas_Tree
image3150.jpg,Miscellaneous
image3153.jpg,Christmas_Tree
image3154.jpg,Airplane
image3159.jpg,Miscellaneous
image3165.jpg,Christmas_Tree
image3167.jpg,Miscellaneous
image3169.jpg,Candle
image3170.jpg,Christmas_Tree
image3171.jpg,Jacket
image3177.jpg,Miscellaneous
image318.jpg,Candle
image3184.jpg,Candle
image3186.jpg,Jacket
image3187.jpg,Christmas_Tree
image3188.jpg,Miscellaneous
image3192.jpg,Candle
image32.jpg,Miscellaneous
image320.jpg,Christmas_Tree
image3200.jpg,Christmas_Tree
image3202.jpg,Miscellaneous
image3203.jpg,Snowman
image3205.jpg,Jacket
image3207.jpg,Candle
image3213.jpg,Candle
image3217.jpg,Miscellaneous
image3219.jpg,Miscellaneous
image322.jpg,Miscellaneous
image3222.jpg,Christmas_Tree
image3223.jpg,Miscellaneous
image3225.jpg,Christmas_Tree
image3226.jpg,Candle
image3227.jpg,Jacket
image3229.jpg,Snowman
image323.jpg,Miscellaneous
image3230.jpg,Miscellaneous
image3233.jpg,Airplane
image3235.jpg,Christmas_Tree
image3238.jpg,Miscellaneous
image324.jpg,Miscellaneous
image3243.jpg,Miscellaneous
image3244.jpg,Christmas_Tree
image3245.jpg,Miscellaneous
image3247.jpg,Jacket
image3250.jpg,Jacket
image3252.jpg,Miscellaneous
image3254.jpg,Christmas_Tree
image3257.jpg,Miscellaneous
image3259.jpg,Miscellaneous
image326.jpg,Christmas_Tree
image327.jpg,Miscellaneous
image3278.jpg,Airplane
image3279.jpg,Christmas_Tree
image3284.jpg,Christmas_Tree
image3285.jpg,Miscellaneous
image3286.jpg,Airplane
image329.jpg,Miscellaneous
image3295.jpg,Miscellaneous
image33.jpg,Airplane
image3301.jpg,Christmas_Tree
image3302.jpg,Candle
image3305.jpg,Miscellaneous
image3306.jpg,Airplane
image3308.jpg,Christmas_Tree
image3312.jpg,Jacket
image3313.jpg,Jacket
image3314.jpg,Jacket
image3316.jpg,Miscellaneous
image3317.jpg,Airplane
image3323.jpg,Miscellaneous
image3326.jpg,Miscellaneous
image3328.jpg,Miscellaneous
image3329.jpg,Miscellaneous
image333.jpg,Miscellaneous
image3330.jpg,Miscellaneous
image3333.jpg,Candle
image3340.jpg,Airplane
image3341.jpg,Christmas_Tree
image3342.jpg,Christmas_Tree
image3343.jpg,Miscellaneous
image3344.jpg,Airplane
image3346.jpg,Airplane
image3349.jpg,Miscellaneous
image335.jpg,Christmas_Tree
image3357.jpg,Miscellaneous
image3360.jpg,Christmas_Tree
image3363.jpg,Jacket
image3365.jpg,Miscellaneous
image3374.jpg,Miscellaneous
image3375.jpg,Miscellaneous
image3377.jpg,Miscellaneous
image3379.jpg,Miscellaneous
image3380.jpg,Jacket
image3384.jpg,Christmas_Tree
image3385.jpg,Christmas_Tree
image3388.jpg,Candle
image3389.jpg,Christmas_Tree
image3390.jpg,Christmas_Tree
image3392.jpg,Christmas_Tree
image3395.jpg,Christmas_Tree
image3396.jpg,Christmas_Tree
image340.jpg,Snowman
image3403.jpg,Airplane
image3407.jpg,Christmas_Tree
image3409.jpg,Christmas_Tree
image341.jpg,Christmas_Tree
image3411.jpg,Airplane
image3413.jpg,Christmas_Tree
image3414.jpg,Christmas_Tree
image3416.jpg,Miscellaneous
image3420.jpg,Jacket
image3421.jpg,Christmas_Tree
image3422.jpg,Miscellaneous
image3424.jpg,Candle
image3425.jpg,Christmas_Tree
image3430.jpg,Jacket
image3436.jpg,Miscellaneous
image3440.jpg,Miscellaneous
image3441.jpg,Miscellaneous
image3444.jpg,Christmas_Tree
image345.jpg,Snowman
image3451.jpg,Miscellaneous
image3456.jpg,Miscellaneous
image3457.jpg,Christmas_Tree
image3461.jpg,Candle
image3462.jpg,Jacket
image3466.jpg,Christmas_Tree
image3469.jpg,Candle
image3470.jpg,Christmas_Tree
image3472.jpg,Candle
image3475.jpg,Jacket
image3478.jpg,Miscellaneous
image3479.jpg,Christmas_Tree
image3484.jpg,Miscellaneous
image3485.jpg,Miscellaneous
image3489.jpg,Miscellaneous
image349.jpg,Snowman
image3493.jpg,Airplane
image3495.jpg,Snowman
image3496.jpg,Candle
image3499.jpg,Miscellaneous
image35.jpg,Jacket
image3500.jpg,Candle
image3501.jpg,Miscellaneous
image3506.jpg,Candle
image3507.jpg,Snowman
image3512.jpg,Christmas_Tree
image3514.jpg,Miscellaneous
image3515.jpg,Miscellaneous
image3519.jpg,Miscellaneous
image3522.jpg,Miscellaneous
image3523.jpg,Miscellaneous
image3525.jpg,Christmas_Tree
image3526.jpg,Snowman
image353.jpg,Jacket
image3531.jpg,Miscellaneous
image3532.jpg,Miscellaneous
image3533.jpg,Christmas_Tree
image3534.jpg,Miscellaneous
image3537.jpg,Christmas_Tree
image3538.jpg,Miscellaneous
image3539.jpg,Candle
image3541.jpg,Christmas_Tree
image3546.jpg,Miscellaneous
image3550.jpg,Christmas_Tree
image3556.jpg,Jacket
image3557.jpg,Candle
image3564.jpg,Miscellaneous
image3565.jpg,Miscellaneous
image3569.jpg,Candle
image357.jpg,Airplane
image3574.jpg,Miscellaneous
image3577.jpg,Miscellaneous
image3578.jpg,Jacket
image3581.jpg,Miscellaneous
image3582.jpg,Candle
image3584.jpg,Christmas_Tree
image3586.jpg,Christmas_Tree
image3588.jpg,Christmas_Tree
image3592.jpg,Snowman
image3597.jpg,Airplane
image360.jpg,Miscellaneous
image3601.jpg,Miscellaneous
image3604.jpg,Candle
image3605.jpg,Jacket
image3611.jpg,Christmas_Tree
image3612.jpg,Miscellaneous
image3613.jpg,Jacket
image3614.jpg,Christmas_Tree
image362.jpg,Christmas_Tree
image3620.jpg,Miscellaneous
image3624.jpg,Christmas_Tree
image3627.jpg,Snowman
image3630.jpg,Miscellaneous
image3632.jpg,Christmas_Tree
image3638.jpg,Miscellaneous
image3639.jpg,Jacket
image364.jpg,Airplane
image3641.jpg,Jacket
image3642.jpg,Miscellaneous
image3644.jpg,Christmas_Tree
image3645.jpg,Christmas_Tree
image3646.jpg,Candle
image3647.jpg,Christmas_Tree
image3648.jpg,Christmas_Tree
image3653.jpg,Snowman
image3655.jpg,Snowman
image3657.jpg,Candle
image3660.jpg,Miscellaneous
image3677.jpg,Christmas_Tree
image3678.jpg,Christmas_Tree
image3680.jpg,Snowman
image3683.jpg,Miscellaneous
image3693.jpg,Candle
image3695.jpg,Christmas_Tree
image3696.jpg,Miscellaneous
image3697.jpg,Miscellaneous
image37.jpg,Jacket
image370.jpg,Miscellaneous
image3700.jpg,Christmas_Tree
image3702.jpg,Christmas_Tree
image3707.jpg,Miscellaneous
image3718.jpg,Jacket
image3720.jpg,Miscellaneous
image3722.jpg,Candle
image3723.jpg,Candle
image3724.jpg,Miscellaneous
image3728.jpg,Christmas_Tree
image3736.jpg,Jacket
image3737.jpg,Jacket
image3738.jpg,Jacket
image3740.jpg,Jacket
image3743.jpg,Airplane
image3744.jpg,Christmas_Tree
image3746.jpg,Christmas_Tree
image3748.jpg,Miscellaneous
image3749.jpg,Christmas_Tree
image3756.jpg,Candle
image3757.jpg,Miscellaneous
image3758.jpg,Christmas_Tree
image3761.jpg,Miscellaneous
image3762.jpg,Christmas_Tree
image3764.jpg,Miscellaneous
image3768.jpg,Christmas_Tree
image3770.jpg,Candle
image3771.jpg,Airplane
image3772.jpg,Snowman
image3780.jpg,Snowman
image3783.jpg,Christmas_Tree
image3786.jpg,Christmas_Tree
image3788.jpg,Miscellaneous
image3789.jpg,Airplane
image3793.jpg,Jacket
image380.jpg,Miscellaneous
image3802.jpg,Candle
image3803.jpg,Candle
image3804.jpg,Miscellaneous
image3807.jpg,Christmas_Tree
image3810.jpg,Christmas_Tree
image3813.jpg,Christmas_Tree
image382.jpg,Miscellaneous
image3821.jpg,Jacket
image3822.jpg,Miscellaneous
image3826.jpg,Airplane
image3827.jpg,Miscellaneous
image3830.jpg,Jacket
image3831.jpg,Miscellaneous
image3833.jpg,Miscellaneous
image3845.jpg,Christmas_Tree
image3847.jpg,Christmas_Tree
image3851.jpg,Candle
image3852.jpg,Christmas_Tree
image3854.jpg,Miscellaneous
image3856.jpg,Christmas_Tree
image3859.jpg,Christmas_Tree
image386.jpg,Candle
image3866.jpg,Jacket
image387.jpg,Christmas_Tree
image3874.jpg,Candle
image3879.jpg,Miscellaneous
image3880.jpg,Miscellaneous
image3881.jpg,Jacket
image3882.jpg,Candle
image3883.jpg,Christmas_Tree
image3885.jpg,Christmas_Tree
image389.jpg,Snowman
image3896.jpg,Christmas_Tree
image3897.jpg,Christmas_Tree
image3899.jpg,Miscellaneous
image390.jpg,Jacket
image3904.jpg,Jacket
image3905.jpg,Snowman
image3908.jpg,Miscellaneous
image3911.jpg,Airplane
image3912.jpg,Christmas_Tree
image3913.jpg,Jacket
image3914.jpg,Candle
image392.jpg,Christmas_Tree
image3922.jpg,Christmas_Tree
image3925.jpg,Miscellaneous
image3928.jpg,Miscellaneous
image393.jpg,Snowman
image3930.jpg,Jacket
image3932.jpg,Miscellaneous
image3933.jpg,Miscellaneous
image3934.jpg,Christmas_Tree
image3937.jpg,Airplane
image3938.jpg,Jacket
image394.jpg,Miscellaneous
image3941.jpg,Candle
image3945.jpg,Jacket
image3946.jpg,Miscellaneous
image3948.jpg,Miscellaneous
image3950.jpg,Airplane
image3952.jpg,Miscellaneous
image3954.jpg,Miscellaneous
image3958.jpg,Miscellaneous
image3960.jpg,Miscellaneous
image3961.jpg,Airplane
image3962.jpg,Miscellaneous
image3968.jpg,Christmas_Tree
image3970.jpg,Miscellaneous
image3971.jpg,Miscellaneous
image3973.jpg,Miscellaneous
image3974.jpg,Miscellaneous
image3975.jpg,Miscellaneous
image398.jpg,Jacket
image3983.jpg,Christmas_Tree
image3990.jpg,Miscellaneous
image3991.jpg,Miscellaneous
image3996.jpg,Miscellaneous
image4004.jpg,Miscellaneous
image4009.jpg,Christmas_Tree
image4013.jpg,Snowman
image4016.jpg,Miscellaneous
image4018.jpg,Miscellaneous
image4022.jpg,Christmas_Tree
image4027.jpg,Christmas_Tree
image4030.jpg,Miscellaneous
image4034.jpg,Christmas_Tree
image4038.jpg,Christmas_Tree
image4039.jpg,Miscellaneous
image404.jpg,Miscellaneous
image4045.jpg,Airplane
image4054.jpg,Miscellaneous
image4055.jpg,Candle
image406.jpg,Miscellaneous
image4060.jpg,Snowman
image4064.jpg,Christmas_Tree
image4067.jpg,Miscellaneous
image4070.jpg,Snowman
image4075.jpg,Miscellaneous
image4076.jpg,Candle
image408.jpg,Christmas_Tree
image4082.jpg,Candle
image4089.jpg,Christmas_Tree
image4092.jpg,Miscellaneous
image4093.jpg,Airplane
image4094.jpg,Christmas_Tree
image4098.jpg,Jacket
image4103.jpg,Christmas_Tree
image4104.jpg,Miscellaneous
image4107.jpg,Miscellaneous
image4108.jpg,Candle
image4114.jpg,Christmas_Tree
image4117.jpg,Christmas_Tree
image4125.jpg,Candle
image4133.jpg,Christmas_Tree
image4134.jpg,Christmas_Tree
image4135.jpg,Airplane
image4138.jpg,Jacket
image4145.jpg,Miscellaneous
image4150.jpg,Jacket
image4156.jpg,Snowman
image4160.jpg,Miscellaneous
image4173.jpg,Miscellaneous
image4174.jpg,Miscellaneous
image4175.jpg,Miscellaneous
image4178.jpg,Miscellaneous
image418.jpg,Miscellaneous
image4180.jpg,Christmas_Tree
image4181.jpg,Candle
image4184.jpg,Miscellaneous
image4185.jpg,Miscellaneous
image4186.jpg,Miscellaneous
image4187.jpg,Miscellaneous
image4188.jpg,Airplane
image4190.jpg,Miscellaneous
image4192.jpg,Christmas_Tree
image4193.jpg,Jacket
image4195.jpg,Miscellaneous
image4196.jpg,Candle
image4198.jpg,Miscellaneous
image4200.jpg,Candle
image4201.jpg,Miscellaneous
image4205.jpg,Christmas_Tree
image4209.jpg,Jacket
image4212.jpg,Miscellaneous
image4221.jpg,Christmas_Tree
image4223.jpg,Christmas_Tree
image4226.jpg,Miscellaneous
image423.jpg,Christmas_Tree
image4230.jpg,Christmas_Tree
image4234.jpg,Christmas_Tree
image4235.jpg,Christmas_Tree
image4236.jpg,Jacket
image4240.jpg,Jacket
image4243.jpg,Miscellaneous
image4246.jpg,Miscellaneous
image4248.jpg,Miscellaneous
image425.jpg,Christmas_Tree
image4253.jpg,Snowman
image4254.jpg,Miscellaneous
image4255.jpg,Airplane
image4257.jpg,Christmas_Tree
image4261.jpg,Airplane
image4264.jpg,Candle
image4268.jpg,Miscellaneous
image4269.jpg,Christmas_Tree
image427.jpg,Christmas_Tree
image4272.jpg,Miscellaneous
image4274.jpg,Christmas_Tree
image4278.jpg,Miscellaneous
image4279.jpg,Miscellaneous
image4281.jpg,Christmas_Tree
image4285.jpg,Miscellaneous
image4287.jpg,Christmas_Tree
image4288.jpg,Christmas_Tree
image4289.jpg,Candle
image429.jpg,Miscellaneous
image4292.jpg,Miscellaneous
image4294.jpg,Miscellaneous
image4297.jpg,Christmas_Tree
image43.jpg,Miscellaneous
image4300.jpg,Candle
image4302.jpg,Miscellaneous
image4306.jpg,Miscellaneous
image4308.jpg,Miscellaneous
image4309.jpg,Jacket
image4311.jpg,Miscellaneous
image4312.jpg,Candle
image4313.jpg,Miscellaneous
image4316.jpg,Airplane
image4318.jpg,Miscellaneous
image4322.jpg,Miscellaneous
image4323.jpg,Miscellaneous
image4324.jpg,Miscellaneous
image4325.jpg,Miscellaneous
image4326.jpg,Christmas_Tree
image4328.jpg,Miscellaneous
image4332.jpg,Christmas_Tree
image4334.jpg,Miscellaneous
image4336.jpg,Airplane
image4337.jpg,Airplane
image4340.jpg,Miscellaneous
image4346.jpg,Christmas_Tree
image4347.jpg,Jacket
image4348.jpg,Christmas_Tree
image4349.jpg,Candle
image4352.jpg,Candle
image4357.jpg,Christmas_Tree
image4358.jpg,Miscellaneous
image4359.jpg,Airplane
image436.jpg,Snowman
image4365.jpg,Snowman
image4369.jpg,Miscellaneous
image4370.jpg,Airplane
image4373.jpg,Candle
image4374.jpg,Miscellaneous
image4376.jpg,Candle
image4378.jpg,Jacket
image438.jpg,Airplane
image4381.jpg,Miscellaneous
image4382.jpg,Miscellaneous
image4383.jpg,Miscellaneous
image4388.jpg,Snowman
image4391.jpg,Christmas_Tree
image4397.jpg,Candle
image44.jpg,Miscellaneous
image440.jpg,Jacket
image4400.jpg,Christmas_Tree
image4405.jpg,Christmas_Tree
image4408.jpg,Christmas_Tree
image4409.jpg,Airplane
image4410.jpg,Christmas_Tree
image4411.jpg,Miscellaneous
image4414.jpg,Jacket
image4416.jpg,Miscellaneous
image4421.jpg,Airplane
image4426.jpg,Snowman
image4431.jpg,Christmas_Tree
image4435.jpg,Miscellaneous
image4438.jpg,Snowman
image444.jpg,Airplane
image4441.jpg,Miscellaneous
image4442.jpg,Snowman
image4445.jpg,Airplane
image4446.jpg,Snowman
image4448.jpg,Jacket
image4449.jpg,Miscellaneous
image4450.jpg,Miscellaneous
image4451.jpg,Snowman
image4452.jpg,Miscellaneous
image4453.jpg,Miscellaneous
image4454.jpg,Miscellaneous
image4456.jpg,Miscellaneous
image4463.jpg,Christmas_Tree
image4464.jpg,Miscellaneous
image4465.jpg,Miscellaneous
image447.jpg,Christmas_Tree
image4475.jpg,Christmas_Tree
image4476.jpg,Christmas_Tree
image4478.jpg,Miscellaneous
image448.jpg,Christmas_Tree
image4481.jpg,Miscellaneous
image4489.jpg,Christmas_Tree
image4497.jpg,Christmas_Tree
image4498.jpg,Christmas_Tree
image45.jpg,Miscellaneous
image4501.jpg,Miscellaneous
image4504.jpg,Miscellaneous
image4505.jpg,Miscellaneous
image4506.jpg,Christmas_Tree
image4514.jpg,Miscellaneous
image4517.jpg,Miscellaneous
image4518.jpg,Candle
image452.jpg,Christmas_Tree
image4522.jpg,Candle
image4523.jpg,Miscellaneous
image4528.jpg,Jacket
image4529.jpg,Miscellaneous
image4532.jpg,Miscellaneous
image4533.jpg,Snowman
image4535.jpg,Airplane
image454.jpg,Candle
image4541.jpg,Miscellaneous
image4542.jpg,Christmas_Tree
image4543.jpg,Miscellaneous
image4547.jpg,Christmas_Tree
image4548.jpg,Candle
image455.jpg,Airplane
image4555.jpg,Miscellaneous
image4558.jpg,Miscellaneous
image456.jpg,Miscellaneous
image4560.jpg,Miscellaneous
image4561.jpg,Miscellaneous
image4563.jpg,Christmas_Tree
image4564.jpg,Candle
image4567.jpg,Airplane
image4568.jpg,Christmas_Tree
image457.jpg,Miscellaneous
image4572.jpg,Candle
image4575.jpg,Miscellaneous
image4577.jpg,Miscellaneous
image4580.jpg,Miscellaneous
image4583.jpg,Snowman
image4584.jpg,Miscellaneous
image4586.jpg,Christmas_Tree
image4589.jpg,Christmas_Tree
image4593.jpg,Christmas_Tree
image4594.jpg,Christmas_Tree
image4596.jpg,Miscellaneous
image4597.jpg,Miscellaneous
image4598.jpg,Miscellaneous
image460.jpg,Candle
image4602.jpg,Miscellaneous
image4609.jpg,Jacket
image461.jpg,Miscellaneous
image4611.jpg,Airplane
image4618.jpg,Miscellaneous
image4619.jpg,Christmas_Tree
image462.jpg,Jacket
image4620.jpg,Snowman
image4622.jpg,Christmas_Tree
image4625.jpg,Miscellaneous
image4626.jpg,Miscellaneous
image4631.jpg,Miscellaneous
image4634.jpg,Christmas_Tree
image4639.jpg,Miscellaneous
image4641.jpg,Christmas_Tree
image4642.jpg,Christmas_Tree
image4643.jpg,Jacket
image4646.jpg,Jacket
image4648.jpg,Miscellaneous
image4655.jpg,Christmas_Tree
image4656.jpg,Miscellaneous
image4659.jpg,Jacket
image4662.jpg,Miscellaneous
image4665.jpg,Christmas_Tree
image4668.jpg,Airplane
image4670.jpg,Miscellaneous
image4673.jpg,Airplane
image4674.jpg,Airplane
image4679.jpg,Christmas_Tree
image4680.jpg,Candle
image4682.jpg,Miscellaneous
image4683.jpg,Miscellaneous
image4686.jpg,Christmas_Tree
image4688.jpg,Airplane
image4689.jpg,Airplane
image4690.jpg,Candle
image4692.jpg,Snowman
image4694.jpg,Miscellaneous
image4701.jpg,Miscellaneous
image4704.jpg,Airplane
image4705.jpg,Miscellaneous
image4710.jpg,Christmas_Tree
image4712.jpg,Miscellaneous
image4713.jpg,Jacket
image4716.jpg,Miscellaneous
image4718.jpg,Christmas_Tree
image4719.jpg,Airplane
image472.jpg,Christmas_Tree
image4726.jpg,Miscellaneous
image4730.jpg,Christmas_Tree
image4736.jpg,Miscellaneous
image4738.jpg,Christmas_Tree
image474.jpg,Christmas_Tree
image4740.jpg,Christmas_Tree
image4748.jpg,Miscellaneous
image4749.jpg,Miscellaneous
image4751.jpg,Candle
image4753.jpg,Airplane
image4756.jpg,Miscellaneous
image4757.jpg,Miscellaneous
image476.jpg,Miscellaneous
image4760.jpg,Miscellaneous
image4761.jpg,Snowman
image4764.jpg,Jacket
image4765.jpg,Candle
image4774.jpg,Airplane
image4776.jpg,Jacket
image4779.jpg,Christmas_Tree
image4784.jpg,Miscellaneous
image4786.jpg,Candle
image4788.jpg,Jacket
image4794.jpg,Jacket
image4798.jpg,Christmas_Tree
image4799.jpg,Christmas_Tree
image480.jpg,Miscellaneous
image4800.jpg,Miscellaneous
image4802.jpg,Christmas_Tree
image4804.jpg,Christmas_Tree
image4807.jpg,Miscellaneous
image4814.jpg,Airplane
image4820.jpg,Miscellaneous
image4821.jpg,Airplane
image4822.jpg,Christmas_Tree
image4824.jpg,Airplane
image4825.jpg,Miscellaneous
image4827.jpg,Miscellaneous
image483.jpg,Christmas_Tree
image4830.jpg,Miscellaneous
image4836.jpg,Miscellaneous
image4837.jpg,Christmas_Tree
image4839.jpg,Airplane
image4842.jpg,Miscellaneous
image4843.jpg,Christmas_Tree
image4847.jpg,Christmas_Tree
image4849.jpg,Candle
image4850.jpg,Miscellaneous
image4853.jpg,Miscellaneous
image4854.jpg,Snowman
image4857.jpg,Miscellaneous
image4858.jpg,Miscellaneous
image4866.jpg,Miscellaneous
image4867.jpg,Miscellaneous
image4869.jpg,Christmas_Tree
image487.jpg,Christmas_Tree
image4872.jpg,Christmas_Tree
image4875.jpg,Airplane
image4879.jpg,Miscellaneous
image4885.jpg,Miscellaneous
image4887.jpg,Miscellaneous
image489.jpg,Miscellaneous
image4895.jpg,Candle
image4897.jpg,Candle
image4898.jpg,Christmas_Tree
image49.jpg,Miscellaneous
image4903.jpg,Christmas_Tree
image4907.jpg,Christmas_Tree
image4911.jpg,Miscellaneous
image4916.jpg,Jacket
image492.jpg,Jacket
image4921.jpg,Jacket
image4925.jpg,Christmas_Tree
image4926.jpg,Candle
image4929.jpg,Candle
image4931.jpg,Christmas_Tree
image4934.jpg,Miscellaneous
image4935.jpg,Candle
image494.jpg,Christmas_Tree
image4940.jpg,Christmas_Tree
image4941.jpg,Miscellaneous
image4943.jpg,Snowman
image4945.jpg,Snowman
image4946.jpg,Jacket
image4949.jpg,Christmas_Tree
image4952.jpg,Christmas_Tree
image4954.jpg,Candle
image4957.jpg,Miscellaneous
image4963.jpg,Airplane
image4964.jpg,Christmas_Tree
image4965.jpg,Christmas_Tree
image4966.jpg,Snowman
image497.jpg,Miscellaneous
image4971.jpg,Miscellaneous
image4975.jpg,Airplane
image4977.jpg,Snowman
image498.jpg,Snowman
image4982.jpg,Airplane
image4986.jpg,Snowman
image4990.jpg,Miscellaneous
image4994.jpg,Miscellaneous
image5000.jpg,Miscellaneous
image5002.jpg,Airplane
image5004.jpg,Airplane
image5012.jpg,Miscellaneous
image5016.jpg,Jacket
image502.jpg,Candle
image5024.jpg,Miscellaneous
image5026.jpg,Miscellaneous
image5027.jpg,Airplane
image5028.jpg,Airplane
image5031.jpg,Christmas_Tree
image5034.jpg,Christmas_Tree
image5036.jpg,Christmas_Tree
image5039.jpg,Snowman
image5040.jpg,Miscellaneous
image5045.jpg,Miscellaneous
image5049.jpg,Miscellaneous
image505.jpg,Miscellaneous
image5051.jpg,Jacket
image5053.jpg,Christmas_Tree
image5054.jpg,Christmas_Tree
image5063.jpg,Miscellaneous
image5064.jpg,Miscellaneous
image5065.jpg,Miscellaneous
image507.jpg,Miscellaneous
image5070.jpg,Christmas_Tree
image5073.jpg,Christmas_Tree
image5075.jpg,Miscellaneous
image508.jpg,Miscellaneous
image5081.jpg,Miscellaneous
image5086.jpg,Christmas_Tree
image5087.jpg,Miscellaneous
image5090.jpg,Airplane
image5095.jpg,Christmas_Tree
image5096.jpg,Jacket
image5097.jpg,Christmas_Tree
image5098.jpg,Miscellaneous
image5101.jpg,Miscellaneous
image5105.jpg,Airplane
image5106.jpg,Miscellaneous
image5107.jpg,Miscellaneous
image5108.jpg,Snowman
image5109.jpg,Airplane
image5110.jpg,Miscellaneous
image5115.jpg,Miscellaneous
image5117.jpg,Christmas_Tree
image5118.jpg,Miscellaneous
image5120.jpg,Christmas_Tree
image5123.jpg,Miscellaneous
image5125.jpg,Miscellaneous
image5126.jpg,Candle
image5130.jpg,Candle
image5132.jpg,Airplane
image5133.jpg,Jacket
image5135.jpg,Snowman
image5141.jpg,Miscellaneous
image5145.jpg,Jacket
image5147.jpg,Miscellaneous
image5153.jpg,Candle
image5154.jpg,Christmas_Tree
image5158.jpg,Airplane
image5160.jpg,Airplane
image5161.jpg,Miscellaneous
image5163.jpg,Jacket
image5165.jpg,Miscellaneous
image5167.jpg,Miscellaneous
image517.jpg,Miscellaneous
image5170.jpg,Candle
image5179.jpg,Miscellaneous
image5184.jpg,Christmas_Tree
image5189.jpg,Miscellaneous
image519.jpg,Christmas_Tree
image5191.jpg,Miscellaneous
image5194.jpg,Christmas_Tree
image52.jpg,Airplane
image520.jpg,Christmas_Tree
image5215.jpg,Christmas_Tree
image522.jpg,Miscellaneous
image5222.jpg,Christmas_Tree
image5223.jpg,Miscellaneous
image5226.jpg,Candle
image523.jpg,Miscellaneous
image5232.jpg,Miscellaneous
image5235.jpg,Candle
image5236.jpg,Christmas_Tree
image5240.jpg,Christmas_Tree
image5245.jpg,Christmas_Tree
image5246.jpg,Miscellaneous
image5247.jpg,Christmas_Tree
image5250.jpg,Snowman
image5254.jpg,Airplane
image5256.jpg,Christmas_Tree
image5258.jpg,Jacket
image526.jpg,Candle
image5260.jpg,Candle
image5267.jpg,Miscellaneous
image5269.jpg,Christmas_Tree
image527.jpg,Miscellaneous
image5270.jpg,Miscellaneous
image5271.jpg,Jacket
image5272.jpg,Miscellaneous
image5273.jpg,Miscellaneous
image5277.jpg,Christmas_Tree
image5278.jpg,Airplane
image5283.jpg,Miscellaneous
image5287.jpg,Miscellaneous
image5289.jpg,Jacket
image5291.jpg,Miscellaneous
image5293.jpg,Miscellaneous
image5296.jpg,Airplane
image5299.jpg,Miscellaneous
image5300.jpg,Christmas_Tree
image5301.jpg,Christmas_Tree
image5303.jpg,Christmas_Tree
image5304.jpg,Christmas_Tree
image5305.jpg,Snowman
image5306.jpg,Miscellaneous
image531.jpg,Airplane
image5310.jpg,Christmas_Tree
image5311.jpg,Miscellaneous
image5312.jpg,Candle
image5313.jpg,Candle
image5316.jpg,Miscellaneous
image5317.jpg,Airplane
image5321.jpg,Christmas_Tree
image5323.jpg,Miscellaneous
image5326.jpg,Christmas_Tree
image5327.jpg,Miscellaneous
image5329.jpg,Miscellaneous
image5331.jpg,Miscellaneous
image5336.jpg,Christmas_Tree
image5339.jpg,Miscellaneous
image534.jpg,Snowman
image5342.jpg,Miscellaneous
image5343.jpg,Airplane
image5344.jpg,Airplane
image5345.jpg,Miscellaneous
image5346.jpg,Christmas_Tree
image5348.jpg,Christmas_Tree
image5349.jpg,Snowman
image535.jpg,Jacket
image5350.jpg,Christmas_Tree
image5352.jpg,Miscellaneous
image5353.jpg,Airplane
image5354.jpg,Miscellaneous
image5355.jpg,Christmas_Tree
image5356.jpg,Candle
image5359.jpg,Jacket
image536.jpg,Candle
image5360.jpg,Snowman
image5362.jpg,Miscellaneous
image5363.jpg,Miscellaneous
image5366.jpg,Snowman
image5367.jpg,Miscellaneous
image5368.jpg,Candle
image5373.jpg,Candle
image5374.jpg,Miscellaneous
image5377.jpg,Christmas_Tree
image5379.jpg,Christmas_Tree
image5382.jpg,Christmas_Tree
image5384.jpg,Jacket
image5386.jpg,Miscellaneous
image5390.jpg,Airplane
image5391.jpg,Christmas_Tree
image5394.jpg,Miscellaneous
image5401.jpg,Christmas_Tree
image5404.jpg,Snowman
image5406.jpg,Christmas_Tree
image5407.jpg,Snowman
image541.jpg,Candle
image5410.jpg,Miscellaneous
image5412.jpg,Christmas_Tree
image5418.jpg,Miscellaneous
image5419.jpg,Candle
image5420.jpg,Candle
image5424.jpg,Jacket
image5425.jpg,Miscellaneous
image5427.jpg,Miscellaneous
image543.jpg,Miscellaneous
image5430.jpg,Airplane
image5433.jpg,Miscellaneous
image5434.jpg,Miscellaneous
image5438.jpg,Candle
image5440.jpg,Christmas_Tree
image5442.jpg,Miscellaneous
image5443.jpg,Jacket
image5445.jpg,Christmas_Tree
image5456.jpg,Miscellaneous
image5457.jpg,Christmas_Tree
image5458.jpg,Miscellaneous
image5461.jpg,Jacket
image5462.jpg,Christmas_Tree
image5464.jpg,Miscellaneous
image5467.jpg,Miscellaneous
image5471.jpg,Christmas_Tree
image5472.jpg,Miscellaneous
image5473.jpg,Christmas_Tree
image5478.jpg,Candle
image5482.jpg,Jacket
image5486.jpg,Snowman
image5494.jpg,Airplane
image55.jpg,Christmas_Tree
image5503.jpg,Christmas_Tree
image5504.jpg,Christmas_Tree
image5507.jpg,Miscellaneous
image5511.jpg,Jacket
image5516.jpg,Airplane
image5520.jpg,Miscellaneous
image5521.jpg,Christmas_Tree
image5522.jpg,Christmas_Tree
image5524.jpg,Jacket
image5525.jpg,Snowman
image5529.jpg,Christmas_Tree
image553.jpg,Airplane
image5530.jpg,Airplane
image5533.jpg,Candle
image5537.jpg,Miscellaneous
image5541.jpg,Christmas_Tree
image5544.jpg,Christmas_Tree
image5545.jpg,Miscellaneous
image5549.jpg,Airplane
image5552.jpg,Miscellaneous
image5554.jpg,Miscellaneous
image5559.jpg,Miscellaneous
image5560.jpg,Candle
image5561.jpg,Miscellaneous
image5562.jpg,Miscellaneous
image5567.jpg,Christmas_Tree
image5571.jpg,Miscellaneous
image5572.jpg,Christmas_Tree
image5575.jpg,Christmas_Tree
image5576.jpg,Christmas_Tree
image5580.jpg,Miscellaneous
image5581.jpg,Miscellaneous
image5582.jpg,Christmas_Tree
image5583.jpg,Christmas_Tree
image5585.jpg,Jacket
image5586.jpg,Candle
image5589.jpg,Miscellaneous
image559.jpg,Christmas_Tree
image5590.jpg,Airplane
image5592.jpg,Candle
image5593.jpg,Jacket
image5595.jpg,Candle
image5596.jpg,Christmas_Tree
image5599.jpg,Snowman
image560.jpg,Miscellaneous
image5600.jpg,Miscellaneous
image5606.jpg,Miscellaneous
image5608.jpg,Miscellaneous
image5609.jpg,Miscellaneous
image5610.jpg,Christmas_Tree
image5613.jpg,Miscellaneous
image5617.jpg,Jacket
image5621.jpg,Miscellaneous
image5627.jpg,Christmas_Tree
image5628.jpg,Miscellaneous
image5629.jpg,Miscellaneous
image563.jpg,Candle
image5631.jpg,Miscellaneous
image5632.jpg,Christmas_Tree
image5634.jpg,Snowman
image5635.jpg,Christmas_Tree
image5640.jpg,Snowman
image5643.jpg,Miscellaneous
image5644.jpg,Jacket
image5646.jpg,Miscellaneous
image5647.jpg,Christmas_Tree
image5648.jpg,Christmas_Tree
image5653.jpg,Jacket
image5661.jpg,Miscellaneous
image5662.jpg,Miscellaneous
image5663.jpg,Miscellaneous
image5664.jpg,Miscellaneous
image5666.jpg,Miscellaneous
image5668.jpg,Jacket
image5673.jpg,Airplane
image5674.jpg,Snowman
image5677.jpg,Airplane
image5678.jpg,Candle
image568.jpg,Snowman
image5683.jpg,Candle
image5684.jpg,Christmas_Tree
image5685.jpg,Christmas_Tree
image569.jpg,Miscellaneous
image5690.jpg,Christmas_Tree
image5694.jpg,Jacket
image5699.jpg,Christmas_Tree
image57.jpg,Christmas_Tree
image570.jpg,Christmas_Tree
image5702.jpg,Miscellaneous
image5704.jpg,Christmas_Tree
image5707.jpg,Miscellaneous
image5708.jpg,Miscellaneous
image571.jpg,Miscellaneous
image5710.jpg,Christmas_Tree
image5711.jpg,Snowman
image5715.jpg,Miscellaneous
image5717.jpg,Miscellaneous
image5719.jpg,Christmas_Tree
image572.jpg,Jacket
image5722.jpg,Candle
image5723.jpg,Miscellaneous
image5726.jpg,Miscellaneous
image5731.jpg,Snowman
image5734.jpg,Candle
image5737.jpg,Christmas_Tree
image5743.jpg,Christmas_Tree
image5746.jpg,Airplane
image5748.jpg,Miscellaneous
image575.jpg,Christmas_Tree
image5753.jpg,Christmas_Tree
image5758.jpg,Miscellaneous
image576.jpg,Christmas_Tree
image5760.jpg,Candle
image5761.jpg,Airplane
image5763.jpg,Christmas_Tree
image5764.jpg,Christmas_Tree
image5765.jpg,Miscellaneous
image5767.jpg,Christmas_Tree
image5769.jpg,Christmas_Tree
image577.jpg,Miscellaneous
image5770.jpg,Candle
image5771.jpg,Airplane
image5774.jpg,Christmas_Tree
image5776.jpg,Christmas_Tree
image5777.jpg,Candle
image5778.jpg,Miscellaneous
image5781.jpg,Christmas_Tree
image5783.jpg,Christmas_Tree
image5786.jpg,Christmas_Tree
image579.jpg,Snowman
image5796.jpg,Christmas_Tree
image5799.jpg,Christmas_Tree
image580.jpg,Christmas_Tree
image5801.jpg,Jacket
image5802.jpg,Miscellaneous
image5805.jpg,Miscellaneous
image581.jpg,Miscellaneous
image5810.jpg,Candle
image5811.jpg,Christmas_Tree
image5812.jpg,Christmas_Tree
image5813.jpg,Candle
image582.jpg,Jacket
image5823.jpg,Christmas_Tree
image5825.jpg,Christmas_Tree
image5826.jpg,Candle
image5827.jpg,Christmas_Tree
image5828.jpg,Miscellaneous
image5829.jpg,Miscellaneous
image583.jpg,Airplane
image5836.jpg,Miscellaneous
image5837.jpg,Jacket
image5839.jpg,Miscellaneous
image5845.jpg,Airplane
image5846.jpg,Miscellaneous
image5848.jpg,Miscellaneous
image5849.jpg,Jacket
image585.jpg,Christmas_Tree
image5850.jpg,Snowman
image5857.jpg,Miscellaneous
image5858.jpg,Christmas_Tree
image5860.jpg,Candle
image5861.jpg,Christmas_Tree
image5864.jpg,Christmas_Tree
image5870.jpg,Jacket
image5871.jpg,Jacket
image5872.jpg,Candle
image5877.jpg,Christmas_Tree
image5879.jpg,Christmas_Tree
image5884.jpg,Miscellaneous
image5885.jpg,Miscellaneous
image5889.jpg,Miscellaneous
image589.jpg,Christmas_Tree
image5891.jpg,Christmas_Tree
image5896.jpg,Christmas_Tree
image5897.jpg,Jacket
image59.jpg,Miscellaneous
image5900.jpg,Miscellaneous
image5901.jpg,Miscellaneous
image5905.jpg,Miscellaneous
image591.jpg,Miscellaneous
image5913.jpg,Airplane
image5914.jpg,Christmas_Tree
image592.jpg,Candle
image5921.jpg,Christmas_Tree
image5922.jpg,Candle
image5926.jpg,Airplane
image5927.jpg,Miscellaneous
image593.jpg,Christmas_Tree
image5931.jpg,Miscellaneous
image5932.jpg,Candle
image5935.jpg,Christmas_Tree
image5940.jpg,Miscellaneous
image5943.jpg,Miscellaneous
image5945.jpg,Christmas_Tree
image5952.jpg,Airplane
image5953.jpg,Airplane
image5954.jpg,Christmas_Tree
image596.jpg,Christmas_Tree
image5961.jpg,Miscellaneous
image5965.jpg,Miscellaneous
image5967.jpg,Miscellaneous
image597.jpg,Miscellaneous
image5970.jpg,Miscellaneous
image5971.jpg,Christmas_Tree
image5973.jpg,Miscellaneous
image5974.jpg,Jacket
image5977.jpg,Miscellaneous
image5987.jpg,Christmas_Tree
image5989.jpg,Christmas_Tree
image60.jpg,Christmas_Tree
image6000.jpg,Miscellaneous
image6004.jpg,Miscellaneous
image6007.jpg,Christmas_Tree
image6008.jpg,Christmas_Tree
image601.jpg,Jacket
image6010.jpg,Candle
image6014.jpg,Airplane
image6015.jpg,Miscellaneous
image6016.jpg,Christmas_Tree
image6021.jpg,Miscellaneous
image6026.jpg,Miscellaneous
image6027.jpg,Jacket
image6030.jpg,Christmas_Tree
image6033.jpg,Jacket
image6037.jpg,Candle
image6038.jpg,Miscellaneous
image6039.jpg,Miscellaneous
image6040.jpg,Miscellaneous
image6042.jpg,Candle
image6047.jpg,Miscellaneous
image6050.jpg,Christmas_Tree
image6051.jpg,Miscellaneous
image6052.jpg,Miscellaneous
image6053.jpg,Christmas_Tree
image6054.jpg,Christmas_Tree
image6057.jpg,Miscellaneous
image6064.jpg,Christmas_Tree
image6065.jpg,Christmas_Tree
image6066.jpg,Jacket
image6067.jpg,Miscellaneous
image6068.jpg,Miscellaneous
image6069.jpg,Candle
image6072.jpg,Christmas_Tree
image6073.jpg,Christmas_Tree
image6074.jpg,Candle
image6075.jpg,Christmas_Tree
image6076.jpg,Miscellaneous
image6080.jpg,Miscellaneous
image6090.jpg,Miscellaneous
image6095.jpg,Christmas_Tree
image6099.jpg,Jacket
image61.jpg,Airplane
image6104.jpg,Airplane
image6105.jpg,Christmas_Tree
image6107.jpg,Miscellaneous
image6110.jpg,Jacket
image6119.jpg,Snowman
image6120.jpg,Miscellaneous
image6121.jpg,Jacket
image6122.jpg,Miscellaneous
image6124.jpg,Jacket
image6125.jpg,Miscellaneous
image613.jpg,Candle
image6130.jpg,Christmas_Tree
image6131.jpg,Miscellaneous
image6141.jpg,Candle
image6142.jpg,Miscellaneous
image6143.jpg,Airplane
image6144.jpg,Miscellaneous
image6147.jpg,Candle
image6149.jpg,Airplane
image615.jpg,Christmas_Tree
image6150.jpg,Christmas_Tree
image6152.jpg,Miscellaneous
image6153.jpg,Miscellaneous
image6159.jpg,Candle
image6163.jpg,Jacket
image6164.jpg,Miscellaneous
image6168.jpg,Miscellaneous
image6169.jpg,Snowman
image6170.jpg,Miscellaneous
image6171.jpg,Miscellaneous
image6177.jpg,Christmas_Tree
image6178.jpg,Airplane
image6179.jpg,Christmas_Tree
image6182.jpg,Christmas_Tree
image6185.jpg,Christmas_Tree
image6189.jpg,Airplane
image6193.jpg,Miscellaneous
image6198.jpg,Airplane
image6199.jpg,Miscellaneous
image62.jpg,Jacket
image6202.jpg,Candle
image6203.jpg,Miscellaneous
image6209.jpg,Airplane
image6210.jpg,Snowman
image6212.jpg,Airplane
image6214.jpg,Christmas_Tree
image6217.jpg,Christmas_Tree
image6222.jpg,Miscellaneous
image6231.jpg,Miscellaneous
image6232.jpg,Jacket
image6234.jpg,Miscellaneous
image6235.jpg,Miscellaneous
image6238.jpg,Airplane
image624.jpg,Miscellaneous
image6240.jpg,Candle
image6246.jpg,Christmas_Tree
image6247.jpg,Miscellaneous
image6249.jpg,Snowman
image6250.jpg,Miscellaneous
image6251.jpg,Christmas_Tree
image6253.jpg,Miscellaneous
image6256.jpg,Snowman
image6257.jpg,Christmas_Tree
image626.jpg,Snowman
image6264.jpg,Miscellaneous
image6272.jpg,Christmas_Tree
image6275.jpg,Jacket
image6277.jpg,Miscellaneous
image6278.jpg,Miscellaneous
image6279.jpg,Jacket
image6280.jpg,Miscellaneous
image6283.jpg,Miscellaneous
image6288.jpg,Miscellaneous
image6290.jpg,Miscellaneous
image6291.jpg,Airplane
image6295.jpg,Miscellaneous
image630.jpg,Miscellaneous
image6300.jpg,Airplane
image6304.jpg,Christmas_Tree
image6307.jpg,Christmas_Tree
image6314.jpg,Candle
image6317.jpg,Miscellaneous
image6319.jpg,Airplane
image632.jpg,Candle
image6320.jpg,Christmas_Tree
image6321.jpg,Airplane
image6329.jpg,Jacket
image633.jpg,Airplane
image6331.jpg,Christmas_Tree
image6332.jpg,Miscellaneous
image6336.jpg,Miscellaneous
image6337.jpg,Miscellaneous
image6340.jpg,Jacket
image6347.jpg,Miscellaneous
image6349.jpg,Airplane
image6350.jpg,Miscellaneous
image6352.jpg,Miscellaneous
image6354.jpg,Candle
image636.jpg,Miscellaneous
image6364.jpg,Christmas_Tree
image6365.jpg,Miscellaneous
image6384.jpg,Candle
image6385.jpg,Candle
image6387.jpg,Christmas_Tree
image6389.jpg,Christmas_Tree
image6392.jpg,Miscellaneous
image6393.jpg,Airplane
image64.jpg,Miscellaneous
image640.jpg,Miscellaneous
image6400.jpg,Christmas_Tree
image6402.jpg,Christmas_Tree
image6404.jpg,Snowman
image6405.jpg,Miscellaneous
image6415.jpg,Candle
image6429.jpg,Miscellaneous
image6432.jpg,Christmas_Tree
image6434.jpg,Snowman
image6435.jpg,Christmas_Tree
image6437.jpg,Miscellaneous
image6446.jpg,Miscellaneous
image6449.jpg,Miscellaneous
image6450.jpg,Miscellaneous
image6451.jpg,Miscellaneous
image6452.jpg,Miscellaneous
image6458.jpg,Jacket
image6459.jpg,Christmas_Tree
image646.jpg,Christmas_Tree
image6460.jpg,Miscellaneous
image6463.jpg,Jacket
image6464.jpg,Candle
image6465.jpg,Christmas_Tree
image6469.jpg,Miscellaneous
image647.jpg,Miscellaneous
image6471.jpg,Miscellaneous
image6472.jpg,Miscellaneous
image6474.jpg,Jacket
image6475.jpg,Candle
image6478.jpg,Jacket
image6481.jpg,Jacket
image6482.jpg,Christmas_Tree
image6483.jpg,Airplane
image6484.jpg,Jacket
image6488.jpg,Jacket
image6489.jpg,Miscellaneous
image6491.jpg,Miscellaneous
image6499.jpg,Miscellaneous
image65.jpg,Airplane
image650.jpg,Christmas_Tree
image6500.jpg,Jacket
image6502.jpg,Christmas_Tree
image6503.jpg,Christmas_Tree
image6504.jpg,Airplane
image6508.jpg,Christmas_Tree
image6514.jpg,Candle
image6516.jpg,Airplane
image652.jpg,Christmas_Tree
image6520.jpg,Jacket
image6523.jpg,Candle
image6525.jpg,Miscellaneous
image6526.jpg,Miscellaneous
image6527.jpg,Christmas_Tree
image6529.jpg,Miscellaneous
image6531.jpg,Airplane
image6532.jpg,Miscellaneous
image6533.jpg,Airplane
image6537.jpg,Miscellaneous
image6539.jpg,Christmas_Tree
image654.jpg,Christmas_Tree
image6540.jpg,Miscellaneous
image6542.jpg,Christmas_Tree
image6548.jpg,Miscellaneous
image655.jpg,Jacket
image6555.jpg,Airplane
image6559.jpg,Christmas_Tree
image6565.jpg,Christmas_Tree
image6568.jpg,Christmas_Tree
image6572.jpg,Christmas_Tree
image6577.jpg,Christmas_Tree
image6580.jpg,Miscellaneous
image6585.jpg,Airplane
image6587.jpg,Christmas_Tree
image6588.jpg,Miscellaneous
image6589.jpg,Christmas_Tree
image659.jpg,Airplane
image6596.jpg,Snowman
image6598.jpg,Miscellaneous
image66.jpg,Candle
image660.jpg,Christmas_Tree
image6602.jpg,Candle
image6604.jpg,Christmas_Tree
image6606.jpg,Candle
image6609.jpg,Airplane
image661.jpg,Miscellaneous
image6610.jpg,Miscellaneous
image6613.jpg,Miscellaneous
image6614.jpg,Miscellaneous
image6616.jpg,Miscellaneous
image6617.jpg,Miscellaneous
image6618.jpg,Christmas_Tree
image6622.jpg,Miscellaneous
image6624.jpg,Miscellaneous
image6629.jpg,Christmas_Tree
image6632.jpg,Miscellaneous
image6636.jpg,Christmas_Tree
image664.jpg,Christmas_Tree
image6640.jpg,Jacket
image6641.jpg,Christmas_Tree
image6644.jpg,Miscellaneous
image6647.jpg,Airplane
image6649.jpg,Airplane
image665.jpg,Jacket
image6661.jpg,Miscellaneous
image6663.jpg,Miscellaneous
image6665.jpg,Christmas_Tree
image6666.jpg,Miscellaneous
image6667.jpg,Airplane
image6669.jpg,Miscellaneous
image6672.jpg,Christmas_Tree
image6675.jpg,Miscellaneous
image6681.jpg,Christmas_Tree
image6682.jpg,Miscellaneous
image6683.jpg,Miscellaneous
image6687.jpg,Christmas_Tree
image6689.jpg,Snowman
image669.jpg,Christmas_Tree
image6693.jpg,Airplane
image6697.jpg,Christmas_Tree
image670.jpg,Airplane
image6702.jpg,Miscellaneous
image6707.jpg,Miscellaneous
image6709.jpg,Miscellaneous
image671.jpg,Jacket
image6710.jpg,Candle
image6711.jpg,Christmas_Tree
image6714.jpg,Candle
image6716.jpg,Christmas_Tree
image6719.jpg,Miscellaneous
image6720.jpg,Airplane
image6721.jpg,Christmas_Tree
image6725.jpg,Christmas_Tree
image6728.jpg,Miscellaneous
image6729.jpg,Christmas_Tree
image6730.jpg,Snowman
image6731.jpg,Miscellaneous
image6732.jpg,Christmas_Tree
image6738.jpg,Christmas_Tree
image6746.jpg,Christmas_Tree
image6747.jpg,Jacket
image6749.jpg,Miscellaneous
image675.jpg,Miscellaneous
image6751.jpg,Miscellaneous
image6752.jpg,Jacket
image6754.jpg,Miscellaneous
image6758.jpg,Miscellaneous
image6759.jpg,Jacket
image6760.jpg,Miscellaneous
image6763.jpg,Airplane
image6768.jpg,Christmas_Tree
image6772.jpg,Jacket
image678.jpg,Candle
image6781.jpg,Snowman
image6782.jpg,Airplane
image6785.jpg,Candle
image6787.jpg,Candle
image6791.jpg,Candle
image6793.jpg,Miscellaneous
image6794.jpg,Miscellaneous
image6795.jpg,Christmas_Tree
image6797.jpg,Christmas_Tree
image6798.jpg,Candle
image6801.jpg,Miscellaneous
image6802.jpg,Miscellaneous
image6805.jpg,Miscellaneous
image6806.jpg,Miscellaneous
image6807.jpg,Christmas_Tree
image6808.jpg,Christmas_Tree
image6810.jpg,Miscellaneous
image6815.jpg,Miscellaneous
image6818.jpg,Christmas_Tree
image6819.jpg,Miscellaneous
image682.jpg,Airplane
image6822.jpg,Jacket
image6827.jpg,Miscellaneous
image6829.jpg,Snowman
image683.jpg,Miscellaneous
image6832.jpg,Jacket
image6833.jpg,Airplane
image6834.jpg,Miscellaneous
image6838.jpg,Candle
image6839.jpg,Christmas_Tree
image684.jpg,Candle
image6841.jpg,Miscellaneous
image6847.jpg,Candle
image6849.jpg,Christmas_Tree
image685.jpg,Miscellaneous
image6852.jpg,Airplane
image6855.jpg,Airplane
image6857.jpg,Miscellaneous
image6859.jpg,Jacket
image686.jpg,Jacket
image6862.jpg,Candle
image6863.jpg,Snowman
image6865.jpg,Airplane
image687.jpg,Miscellaneous
image6871.jpg,Miscellaneous
image6877.jpg,Miscellaneous
image688.jpg,Christmas_Tree
image6895.jpg,Candle
image6896.jpg,Jacket
image69.jpg,Christmas_Tree
image690.jpg,Miscellaneous
image6903.jpg,Jacket
image6907.jpg,Miscellaneous
image6909.jpg,Jacket
image691.jpg,Christmas_Tree
image6913.jpg,Candle
image6918.jpg,Christmas_Tree
image6919.jpg,Miscellaneous
image6924.jpg,Miscellaneous
image6926.jpg,Snowman
image6927.jpg,Jacket
image6928.jpg,Jacket
image6929.jpg,Miscellaneous
image693.jpg,Miscellaneous
image6930.jpg,Airplane
image6931.jpg,Candle
image6932.jpg,Miscellaneous
image6935.jpg,Christmas_Tree
image6936.jpg,Snowman
image6937.jpg,Miscellaneous
image694.jpg,Candle
image6941.jpg,Christmas_Tree
image6944.jpg,Airplane
image6953.jpg,Christmas_Tree
image6959.jpg,Candle
image6962.jpg,Miscellaneous
image6964.jpg,Candle
image6966.jpg,Christmas_Tree
image6970.jpg,Christmas_Tree
image6973.jpg,Miscellaneous
image6976.jpg,Miscellaneous
image6980.jpg,Miscellaneous
image6982.jpg,Christmas_Tree
image6985.jpg,Jacket
image6986.jpg,Miscellaneous
image6987.jpg,Miscellaneous
image6991.jpg,Airplane
image6994.jpg,Miscellaneous
image6995.jpg,Candle
image6996.jpg,Snowman
image6997.jpg,Airplane
image7.jpg,Miscellaneous
image700.jpg,Christmas_Tree
image7002.jpg,Christmas_Tree
image7009.jpg,Candle
image701.jpg,Christmas_Tree
image702.jpg,Snowman
image7024.jpg,Candle
image7029.jpg,Miscellaneous
image7032.jpg,Miscellaneous
image7033.jpg,Jacket
image7034.jpg,Airplane
image7035.jpg,Christmas_Tree
image7037.jpg,Christmas_Tree
image7043.jpg,Christmas_Tree
image7044.jpg,Miscellaneous
image7045.jpg,Miscellaneous
image7047.jpg,Miscellaneous
image7049.jpg,Christmas_Tree
image7052.jpg,Christmas_Tree
image7053.jpg,Miscellaneous
image7055.jpg,Christmas_Tree
image7056.jpg,Christmas_Tree
image7057.jpg,Miscellaneous
image7058.jpg,Christmas_Tree
image7059.jpg,Jacket
image7062.jpg,Christmas_Tree
image7066.jpg,Christmas_Tree
image707.jpg,Airplane
image7075.jpg,Christmas_Tree
image7077.jpg,Christmas_Tree
image7078.jpg,Christmas_Tree
image7080.jpg,Airplane
image7084.jpg,Miscellaneous
image7086.jpg,Miscellaneous
image7090.jpg,Airplane
image7094.jpg,Christmas_Tree
image7096.jpg,Christmas_Tree
image7097.jpg,Airplane
image7098.jpg,Miscellaneous
image7102.jpg,Airplane
image7104.jpg,Christmas_Tree
image7105.jpg,Miscellaneous
image7106.jpg,Christmas_Tree
image7109.jpg,Miscellaneous
image7111.jpg,Airplane
image7113.jpg,Christmas_Tree
image7116.jpg,Christmas_Tree
image7117.jpg,Miscellaneous
image7118.jpg,Christmas_Tree
image712.jpg,Jacket
image7124.jpg,Miscellaneous
image7126.jpg,Miscellaneous
image7127.jpg,Christmas_Tree
image7129.jpg,Miscellaneous
image713.jpg,Christmas_Tree
image7138.jpg,Candle
image714.jpg,Candle
image7144.jpg,Christmas_Tree
image7147.jpg,Miscellaneous
image715.jpg,Miscellaneous
image7153.jpg,Airplane
image7155.jpg,Miscellaneous
image7158.jpg,Miscellaneous
image7165.jpg,Christmas_Tree
image7166.jpg,Miscellaneous
image7170.jpg,Snowman
image7175.jpg,Airplane
image7176.jpg,Christmas_Tree
image7177.jpg,Airplane
image7178.jpg,Airplane
image7180.jpg,Miscellaneous
image7181.jpg,Miscellaneous
image7184.jpg,Miscellaneous
image7196.jpg,Candle
image7198.jpg,Christmas_Tree
image7199.jpg,Jacket
image720.jpg,Miscellaneous
image7204.jpg,Snowman
image7206.jpg,Miscellaneous
image7207.jpg,Christmas_Tree
image7209.jpg,Christmas_Tree
image7210.jpg,Christmas_Tree
image7213.jpg,Candle
image7214.jpg,Airplane
image7215.jpg,Candle
image7216.jpg,Jacket
image7222.jpg,Christmas_Tree
image7226.jpg,Christmas_Tree
image7227.jpg,Candle
image723.jpg,Miscellaneous
image7230.jpg,Jacket
image7232.jpg,Miscellaneous
image7234.jpg,Airplane
image7235.jpg,Miscellaneous
image7239.jpg,Miscellaneous
image724.jpg,Jacket
image7240.jpg,Miscellaneous
image7249.jpg,Miscellaneous
image7253.jpg,Jacket
image7258.jpg,Airplane
image7265.jpg,Jacket
image7266.jpg,Candle
image7268.jpg,Christmas_Tree
image7272.jpg,Christmas_Tree
image7275.jpg,Candle
image7278.jpg,Christmas_Tree
image7279.jpg,Christmas_Tree
image7283.jpg,Miscellaneous
image7284.jpg,Miscellaneous
image7286.jpg,Snowman
image7287.jpg,Airplane
image7290.jpg,Miscellaneous
image7291.jpg,Christmas_Tree
image7294.jpg,Christmas_Tree
image7296.jpg,Christmas_Tree
image7297.jpg,Christmas_Tree
image7298.jpg,Christmas_Tree
image7306.jpg,Airplane
image7308.jpg,Miscellaneous
image731.jpg,Snowman
image7311.jpg,Miscellaneous
image7318.jpg,Candle
image7322.jpg,Christmas_Tree
image7325.jpg,Miscellaneous
image7329.jpg,Christmas_Tree
image733.jpg,Christmas_Tree
image7332.jpg,Snowman
image7334.jpg,Jacket
image7335.jpg,Miscellaneous
image7336.jpg,Airplane
image734.jpg,Christmas_Tree
image7347.jpg,Miscellaneous
image7348.jpg,Miscellaneous
image7349.jpg,Miscellaneous
image7350.jpg,Christmas_Tree
image7357.jpg,Airplane
image7358.jpg,Airplane
image736.jpg,Miscellaneous
image7363.jpg,Jacket
image7365.jpg,Miscellaneous
image7366.jpg,Christmas_Tree
image7368.jpg,Candle
image737.jpg,Miscellaneous
image7378.jpg,Miscellaneous
image738.jpg,Miscellaneous
image7389.jpg,Candle
image739.jpg,Miscellaneous
image7390.jpg,Miscellaneous
image7392.jpg,Christmas_Tree
image7393.jpg,Miscellaneous
image7395.jpg,Christmas_Tree
image7396.jpg,Jacket
image74.jpg,Airplane
image740.jpg,Christmas_Tree
image7402.jpg,Miscellaneous
image7403.jpg,Miscellaneous
image7405.jpg,Candle
image741.jpg,Christmas_Tree
image7414.jpg,Miscellaneous
image7415.jpg,Snowman
image7417.jpg,Jacket
image742.jpg,Candle
image7420.jpg,Christmas_Tree
image7422.jpg,Christmas_Tree
image7423.jpg,Miscellaneous
image7427.jpg,Jacket
image743.jpg,Miscellaneous
image7437.jpg,Miscellaneous
image7441.jpg,Christmas_Tree
image7442.jpg,Candle
image7444.jpg,Miscellaneous
image7446.jpg,Miscellaneous
image7447.jpg,Jacket
image7452.jpg,Christmas_Tree
image7459.jpg,Jacket
image7460.jpg,Airplane
image7462.jpg,Christmas_Tree
image7467.jpg,Christmas_Tree
image747.jpg,Miscellaneous
image7471.jpg,Candle
image7472.jpg,Miscellaneous
image7473.jpg,Miscellaneous
image7476.jpg,Miscellaneous
image7477.jpg,Miscellaneous
image7479.jpg,Airplane
image7480.jpg,Candle
image7481.jpg,Airplane
image7484.jpg,Candle
image7488.jpg,Miscellaneous
image7489.jpg,Jacket
image749.jpg,Miscellaneous
image7492.jpg,Christmas_Tree
image7493.jpg,Christmas_Tree
image75.jpg,Christmas_Tree
image750.jpg,Miscellaneous
image7503.jpg,Miscellaneous
image7505.jpg,Miscellaneous
image7509.jpg,Miscellaneous
image7511.jpg,Christmas_Tree
image7515.jpg,Christmas_Tree
image7523.jpg,Candle
image7524.jpg,Airplane
image7528.jpg,Christmas_Tree
image7529.jpg,Airplane
image7534.jpg,Miscellaneous
image7535.jpg,Candle
image7537.jpg,Miscellaneous
image7539.jpg,Miscellaneous
image7541.jpg,Airplane
image7547.jpg,Candle
image7549.jpg,Snowman
image755.jpg,Airplane
image7550.jpg,Miscellaneous
image7557.jpg,Miscellaneous
image7558.jpg,Christmas_Tree
image756.jpg,Christmas_Tree
image7562.jpg,Snowman
image7564.jpg,Airplane
image7565.jpg,Miscellaneous
image7566.jpg,Miscellaneous
image7567.jpg,Miscellaneous
image7568.jpg,Miscellaneous
image7569.jpg,Christmas_Tree
image7570.jpg,Miscellaneous
image7574.jpg,Candle
image7576.jpg,Christmas_Tree
image7579.jpg,Miscellaneous
image7581.jpg,Candle
image7582.jpg,Jacket
image7583.jpg,Christmas_Tree
image7585.jpg,Miscellaneous
image7587.jpg,Snowman
image7589.jpg,Christmas_Tree
image7590.jpg,Miscellaneous
image7598.jpg,Jacket
image760.jpg,Airplane
image7605.jpg,Christmas_Tree
image7610.jpg,Miscellaneous
image7615.jpg,Airplane
image7621.jpg,Christmas_Tree
image7628.jpg,Miscellaneous
image7639.jpg,Jacket
image7640.jpg,Airplane
image7643.jpg,Miscellaneous
image7649.jpg,Miscellaneous
image7650.jpg,Airplane
image7653.jpg,Christmas_Tree
image7654.jpg,Airplane
image7655.jpg,Christmas_Tree
image7656.jpg,Miscellaneous
image7657.jpg,Airplane
image7660.jpg,Miscellaneous
image7661.jpg,Jacket
image7666.jpg,Miscellaneous
image7667.jpg,Miscellaneous
image7673.jpg,Miscellaneous
image7674.jpg,Miscellaneous
image7679.jpg,Christmas_Tree
image768.jpg,Candle
image7681.jpg,Miscellaneous
image7683.jpg,Christmas_Tree
image7686.jpg,Candle
image7687.jpg,Candle
image7688.jpg,Miscellaneous
image769.jpg,Miscellaneous
image7691.jpg,Jacket
image7698.jpg,Miscellaneous
image770.jpg,Snowman
image7702.jpg,Christmas_Tree
image7706.jpg,Christmas_Tree
image7708.jpg,Jacket
image7709.jpg,Candle
image771.jpg,Miscellaneous
image7710.jpg,Candle
image7711.jpg,Miscellaneous
image7715.jpg,Christmas_Tree
image7716.jpg,Candle
image7718.jpg,Miscellaneous
image7720.jpg,Christmas_Tree
image7721.jpg,Candle
image7722.jpg,Miscellaneous
image7723.jpg,Jacket
image7733.jpg,Snowman
image7737.jpg,Jacket
image7738.jpg,Christmas_Tree
image7748.jpg,Miscellaneous
image7749.jpg,Christmas_Tree
image7754.jpg,Miscellaneous
image7755.jpg,Miscellaneous
image7759.jpg,Miscellaneous
image776.jpg,Snowman
image7761.jpg,Airplane
image7763.jpg,Miscellaneous
image7768.jpg,Christmas_Tree
image7772.jpg,Christmas_Tree
image7774.jpg,Jacket
image7777.jpg,Snowman
image7779.jpg,Christmas_Tree
image778.jpg,Christmas_Tree
image7783.jpg,Jacket
image7787.jpg,Miscellaneous
image7788.jpg,Jacket
image7790.jpg,Christmas_Tree
image7791.jpg,Airplane
image7793.jpg,Christmas_Tree
image7794.jpg,Christmas_Tree
image7803.jpg,Candle
image7807.jpg,Jacket
image781.jpg,Jacket
image7814.jpg,Miscellaneous
image7815.jpg,Christmas_Tree
image7817.jpg,Candle
image7819.jpg,Miscellaneous
image7824.jpg,Airplane
image7828.jpg,Miscellaneous
image7835.jpg,Miscellaneous
image784.jpg,Christmas_Tree
image7842.jpg,Miscellaneous
image7843.jpg,Jacket
image7850.jpg,Christmas_Tree
image7851.jpg,Miscellaneous
image7855.jpg,Miscellaneous
image7856.jpg,Miscellaneous
image786.jpg,Miscellaneous
image7863.jpg,Jacket
image7867.jpg,Christmas_Tree
image7870.jpg,Miscellaneous
image7873.jpg,Airplane
image7879.jpg,Airplane
image788.jpg,Snowman
image7882.jpg,Christmas_Tree
image7883.jpg,Airplane
image7885.jpg,Christmas_Tree
image7888.jpg,Miscellaneous
image789.jpg,Candle
image7892.jpg,Miscellaneous
image7893.jpg,Airplane
image7894.jpg,Christmas_Tree
image7895.jpg,Candle
image7896.jpg,Christmas_Tree
image7898.jpg,Christmas_Tree
image7900.jpg,Miscellaneous
image7901.jpg,Miscellaneous
image7903.jpg,Jacket
image7905.jpg,Christmas_Tree
image7908.jpg,Miscellaneous
image791.jpg,Miscellaneous
image7915.jpg,Christmas_Tree
image7917.jpg,Christmas_Tree
image7918.jpg,Jacket
image792.jpg,Miscellaneous
image7922.jpg,Jacket
image7924.jpg,Miscellaneous
image7926.jpg,Airplane
image7931.jpg,Candle
image7933.jpg,Snowman
image7938.jpg,Miscellaneous
image7940.jpg,Christmas_Tree
image7943.jpg,Christmas_Tree
image7944.jpg,Christmas_Tree
image7947.jpg,Candle
image7948.jpg,Jacket
image7952.jpg,Candle
image7954.jpg,Miscellaneous
image7957.jpg,Snowman
image7958.jpg,Miscellaneous
image796.jpg,Miscellaneous
image7967.jpg,Miscellaneous
image7969.jpg,Miscellaneous
image7971.jpg,Miscellaneous
image7975.jpg,Airplane
image7978.jpg,Candle
image7980.jpg,Miscellaneous
image7981.jpg,Christmas_Tree
image7983.jpg,Miscellaneous
image7988.jpg,Airplane
image7991.jpg,Christmas_Tree
image7997.jpg,Jacket
image8000.jpg,Christmas_Tree
image8002.jpg,Miscellaneous
image8006.jpg,Christmas_Tree
image8012.jpg,Airplane
image8013.jpg,Airplane
image8015.jpg,Candle
image8017.jpg,Miscellaneous
image802.jpg,Christmas_Tree
image8023.jpg,Christmas_Tree
image8024.jpg,Christmas_Tree
image8025.jpg,Miscellaneous
image8027.jpg,Airplane
image8033.jpg,Candle
image804.jpg,Miscellaneous
image8043.jpg,Jacket
image8045.jpg,Miscellaneous
image8048.jpg,Christmas_Tree
image8050.jpg,Christmas_Tree
image8051.jpg,Miscellaneous
image8052.jpg,Christmas_Tree
image8058.jpg,Miscellaneous
image8064.jpg,Candle
image8065.jpg,Miscellaneous
image8068.jpg,Christmas_Tree
image8071.jpg,Miscellaneous
image8072.jpg,Christmas_Tree
image8080.jpg,Snowman
image8088.jpg,Christmas_Tree
image8090.jpg,Airplane
image8095.jpg,Christmas_Tree
image8096.jpg,Snowman
image8097.jpg,Miscellaneous
image8099.jpg,Miscellaneous
image8100.jpg,Christmas_Tree
image8101.jpg,Miscellaneous
image8107.jpg,Jacket
image8108.jpg,Airplane
image8109.jpg,Miscellaneous
image811.jpg,Miscellaneous
image8111.jpg,Miscellaneous
image8116.jpg,Christmas_Tree
image8117.jpg,Miscellaneous
image8118.jpg,Jacket
image8120.jpg,Christmas_Tree
image8122.jpg,Christmas_Tree
image8124.jpg,Christmas_Tree
image8125.jpg,Snowman
image8129.jpg,Christmas_Tree
image8130.jpg,Christmas_Tree
image8132.jpg,Jacket
image8134.jpg,Christmas_Tree
image8137.jpg,Christmas_Tree
image8142.jpg,Airplane
image8147.jpg,Snowman
image8149.jpg,Miscellaneous
image8151.jpg,Christmas_Tree
image8159.jpg,Jacket
image816.jpg,Airplane
image8168.jpg,Christmas_Tree
image8172.jpg,Christmas_Tree
image8176.jpg,Miscellaneous
image818.jpg,Airplane
image8182.jpg,Christmas_Tree
image8183.jpg,Miscellaneous
image8184.jpg,Christmas_Tree
image8185.jpg,Miscellaneous
image8186.jpg,Miscellaneous
image8189.jpg,Snowman
image82.jpg,Airplane
image8207.jpg,Airplane
image8215.jpg,Miscellaneous
image8217.jpg,Airplane
image8218.jpg,Jacket
image8219.jpg,Airplane
image8224.jpg,Jacket
image8225.jpg,Christmas_Tree
image8227.jpg,Christmas_Tree
image8229.jpg,Miscellaneous
image8231.jpg,Miscellaneous
image8235.jpg,Christmas_Tree
image8236.jpg,Christmas_Tree
image8238.jpg,Jacket
image8239.jpg,Miscellaneous
image8241.jpg,Miscellaneous
image8245.jpg,Christmas_Tree
image8247.jpg,Jacket
image8249.jpg,Miscellaneous
image8251.jpg,Jacket
image8253.jpg,Airplane
image8256.jpg,Miscellaneous
image8258.jpg,Miscellaneous
image8261.jpg,Snowman
image8263.jpg,Miscellaneous
image8266.jpg,Christmas_Tree
image8267.jpg,Airplane
image8268.jpg,Christmas_Tree
image8269.jpg,Christmas_Tree
image8271.jpg,Jacket
image8272.jpg,Jacket
image8276.jpg,Candle
image8277.jpg,Snowman
image8279.jpg,Christmas_Tree
image828.jpg,Miscellaneous
image8280.jpg,Miscellaneous
image8281.jpg,Miscellaneous
image8284.jpg,Christmas_Tree
image8287.jpg,Jacket
image8288.jpg,Miscellaneous
image8289.jpg,Christmas_Tree
image829.jpg,Christmas_Tree
image8290.jpg,Miscellaneous
image8291.jpg,Miscellaneous
image8292.jpg,Miscellaneous
image8295.jpg,Miscellaneous
image8296.jpg,Miscellaneous
image8297.jpg,Christmas_Tree
image8299.jpg,Airplane
image830.jpg,Christmas_Tree
image8300.jpg,Miscellaneous
image8301.jpg,Miscellaneous
image8304.jpg,Airplane
image8306.jpg,Christmas_Tree
image8307.jpg,Candle
image831.jpg,Christmas_Tree
image8315.jpg,Miscellaneous
image8319.jpg,Miscellaneous
image8326.jpg,Jacket
image8328.jpg,Jacket
image8329.jpg,Christmas_Tree
image8336.jpg,Miscellaneous
image8337.jpg,Jacket
image8339.jpg,Airplane
image8343.jpg,Airplane
image8347.jpg,Miscellaneous
image8351.jpg,Airplane
image8355.jpg,Christmas_Tree
image8361.jpg,Miscellaneous
image8363.jpg,Christmas_Tree
image8364.jpg,Christmas_Tree
image8367.jpg,Candle
image8368.jpg,Miscellaneous
image837.jpg,Snowman
image8370.jpg,Candle
image8374.jpg,Jacket
image8376.jpg,Miscellaneous
image8378.jpg,Jacket
image8382.jpg,Miscellaneous
image8384.jpg,Miscellaneous
image8390.jpg,Christmas_Tree
image8392.jpg,Miscellaneous
image8393.jpg,Candle
image8394.jpg,Airplane
image8395.jpg,Snowman
image8396.jpg,Miscellaneous
image8398.jpg,Airplane
image8401.jpg,Christmas_Tree
image8403.jpg,Candle
image8407.jpg,Airplane
image8417.jpg,Christmas_Tree
image8420.jpg,Miscellaneous
image8421.jpg,Christmas_Tree
image8426.jpg,Snowman
image8432.jpg,Airplane
image8433.jpg,Christmas_Tree
image844.jpg,Christmas_Tree
image8440.jpg,Miscellaneous
image8446.jpg,Miscellaneous
image8447.jpg,Christmas_Tree
image8449.jpg,Jacket
image8456.jpg,Miscellaneous
image8458.jpg,Miscellaneous
image8459.jpg,Candle
image8462.jpg,Candle
image8463.jpg,Airplane
image8464.jpg,Miscellaneous
image8465.jpg,Christmas_Tree
image8470.jpg,Christmas_Tree
image8472.jpg,Candle
image8474.jpg,Airplane
image8479.jpg,Christmas_Tree
image8490.jpg,Miscellaneous
image8491.jpg,Miscellaneous
image8492.jpg,Christmas_Tree
image850.jpg,Christmas_Tree
image8502.jpg,Christmas_Tree
image8507.jpg,Candle
image8512.jpg,Miscellaneous
image8515.jpg,Miscellaneous
image8516.jpg,Miscellaneous
image8520.jpg,Miscellaneous
image8523.jpg,Christmas_Tree
image8524.jpg,Snowman
image8525.jpg,Miscellaneous
image8526.jpg,Christmas_Tree
image8528.jpg,Christmas_Tree
image8529.jpg,Snowman
image8534.jpg,Miscellaneous
image8536.jpg,Christmas_Tree
image8538.jpg,Miscellaneous
image854.jpg,Miscellaneous
image8542.jpg,Snowman
image8545.jpg,Miscellaneous
image8550.jpg,Snowman
image8551.jpg,Miscellaneous
image8554.jpg,Airplane
image8557.jpg,Christmas_Tree
image8558.jpg,Miscellaneous
image8559.jpg,Airplane
image8565.jpg,Miscellaneous
image8568.jpg,Miscellaneous
image8569.jpg,Miscellaneous
image8571.jpg,Jacket
image8574.jpg,Christmas_Tree
image8576.jpg,Miscellaneous
image8578.jpg,Miscellaneous
image8580.jpg,Candle
image8582.jpg,Jacket
image8587.jpg,Snowman
image8588.jpg,Snowman
image8590.jpg,Christmas_Tree
image8594.jpg,Airplane
image8596.jpg,Candle
image8597.jpg,Miscellaneous
image86.jpg,Miscellaneous
image860.jpg,Miscellaneous
image8600.jpg,Miscellaneous
image8606.jpg,Christmas_Tree
image8608.jpg,Miscellaneous
image8610.jpg,Miscellaneous
image8611.jpg,Airplane
image8612.jpg,Christmas_Tree
image8616.jpg,Christmas_Tree
image8618.jpg,Jacket
image8628.jpg,Jacket
image8633.jpg,Snowman
image8636.jpg,Miscellaneous
image864.jpg,Miscellaneous
image8645.jpg,Miscellaneous
image8647.jpg,Christmas_Tree
image8648.jpg,Christmas_Tree
image8650.jpg,Miscellaneous
image8652.jpg,Snowman
image8653.jpg,Christmas_Tree
image8657.jpg,Airplane
image8658.jpg,Miscellaneous
image8660.jpg,Miscellaneous
image8662.jpg,Miscellaneous
image8664.jpg,Miscellaneous
image8666.jpg,Miscellaneous
image8668.jpg,Miscellaneous
image8669.jpg,Miscellaneous
image867.jpg,Airplane
image8670.jpg,Airplane
image8674.jpg,Miscellaneous
image8675.jpg,Jacket
image8677.jpg,Christmas_Tree
image8681.jpg,Christmas_Tree
image8687.jpg,Jacket
image8691.jpg,Miscellaneous
image8694.jpg,Christmas_Tree
image8699.jpg,Christmas_Tree
image87.jpg,Christmas_Tree
image8702.jpg,Miscellaneous
image8707.jpg,Airplane
image8709.jpg,Christmas_Tree
image871.jpg,Miscellaneous
image8710.jpg,Christmas_Tree
image8711.jpg,Miscellaneous
image8712.jpg,Snowman
image8715.jpg,Airplane
image8723.jpg,Candle
image8725.jpg,Christmas_Tree
image8726.jpg,Miscellaneous
image8727.jpg,Jacket
image8738.jpg,Jacket
image874.jpg,Miscellaneous
image8743.jpg,Miscellaneous
image8749.jpg,Airplane
image875.jpg,Miscellaneous
image8750.jpg,Christmas_Tree
image8751.jpg,Airplane
image8753.jpg,Airplane
image8754.jpg,Miscellaneous
image8756.jpg,Miscellaneous
image8761.jpg,Miscellaneous
image8764.jpg,Candle
image8770.jpg,Miscellaneous
image8771.jpg,Miscellaneous
image8774.jpg,Miscellaneous
image8775.jpg,Candle
image8776.jpg,Jacket
image8778.jpg,Miscellaneous
image8779.jpg,Miscellaneous
image8781.jpg,Miscellaneous
image8782.jpg,Christmas_Tree
image8784.jpg,Snowman
image8785.jpg,Miscellaneous
image8793.jpg,Airplane
image8794.jpg,Jacket
image8798.jpg,Jacket
image8799.jpg,Jacket
image8802.jpg,Miscellaneous
image8803.jpg,Jacket
image8805.jpg,Christmas_Tree
image8807.jpg,Jacket
image8809.jpg,Miscellaneous
image881.jpg,Christmas_Tree
image8810.jpg,Miscellaneous
image8811.jpg,Miscellaneous
image8812.jpg,Candle
image8815.jpg,Christmas_Tree
image8823.jpg,Miscellaneous
image8824.jpg,Miscellaneous
image8829.jpg,Miscellaneous
image8830.jpg,Christmas_Tree
image8833.jpg,Miscellaneous
image8835.jpg,Miscellaneous
image8836.jpg,Miscellaneous
image8838.jpg,Miscellaneous
image8839.jpg,Christmas_Tree
image8842.jpg,Christmas_Tree
image8847.jpg,Miscellaneous
image8849.jpg,Christmas_Tree
image8850.jpg,Christmas_Tree
image8854.jpg,Christmas_Tree
image8856.jpg,Candle
image8857.jpg,Airplane
image8858.jpg,Christmas_Tree
image8859.jpg,Miscellaneous
image886.jpg,Miscellaneous
image8863.jpg,Christmas_Tree
image8869.jpg,Miscellaneous
image8872.jpg,Miscellaneous
image8874.jpg,Candle
image8883.jpg,Miscellaneous
image8884.jpg,Christmas_Tree
image8887.jpg,Miscellaneous
image8888.jpg,Christmas_Tree
image8892.jpg,Miscellaneous
image8898.jpg,Airplane
image8900.jpg,Airplane
image8903.jpg,Christmas_Tree
image8904.jpg,Miscellaneous
image8905.jpg,Christmas_Tree
image8906.jpg,Airplane
image8907.jpg,Airplane
image8908.jpg,Christmas_Tree
image8909.jpg,Candle
image8917.jpg,Jacket
image8922.jpg,Jacket
image8923.jpg,Miscellaneous
image8924.jpg,Airplane
image8927.jpg,Miscellaneous
image893.jpg,Airplane
image8932.jpg,Christmas_Tree
image8933.jpg,Miscellaneous
image8940.jpg,Airplane
image8943.jpg,Airplane
image8944.jpg,Christmas_Tree
image8945.jpg,Miscellaneous
image8948.jpg,Christmas_Tree
image8949.jpg,Jacket
image8950.jpg,Christmas_Tree
image8952.jpg,Miscellaneous
image8957.jpg,Airplane
image8958.jpg,Jacket
image8960.jpg,Christmas_Tree
image8962.jpg,Miscellaneous
image8963.jpg,Candle
image8966.jpg,Miscellaneous
image8967.jpg,Christmas_Tree
image897.jpg,Miscellaneous
image8970.jpg,Jacket
image8975.jpg,Christmas_Tree
image8979.jpg,Christmas_Tree
image898.jpg,Miscellaneous
image8981.jpg,Miscellaneous
image8982.jpg,Jacket
image8986.jpg,Snowman
image8987.jpg,Candle
image8989.jpg,Christmas_Tree
image8990.jpg,Christmas_Tree
image8991.jpg,Christmas_Tree
image8994.jpg,Christmas_Tree
image900.jpg,Miscellaneous
image9000.jpg,Christmas_Tree
image9006.jpg,Miscellaneous
image9007.jpg,Miscellaneous
image9012.jpg,Miscellaneous
image9015.jpg,Miscellaneous
image9017.jpg,Christmas_Tree
image9018.jpg,Miscellaneous
image9019.jpg,Miscellaneous
image9027.jpg,Miscellaneous
image9028.jpg,Jacket
image9030.jpg,Miscellaneous
image9037.jpg,Miscellaneous
image9038.jpg,Candle
image9039.jpg,Candle
image9041.jpg,Christmas_Tree
image9042.jpg,Miscellaneous
image9046.jpg,Miscellaneous
image9049.jpg,Christmas_Tree
image9051.jpg,Christmas_Tree
image9054.jpg,Miscellaneous
image9057.jpg,Miscellaneous
image9059.jpg,Miscellaneous
image9062.jpg,Candle
image9063.jpg,Christmas_Tree
image9064.jpg,Airplane
image9071.jpg,Christmas_Tree
image9072.jpg,Christmas_Tree
image9075.jpg,Christmas_Tree
image9078.jpg,Miscellaneous
image9082.jpg,Christmas_Tree
image9083.jpg,Candle
image9084.jpg,Miscellaneous
image9087.jpg,Miscellaneous
image9094.jpg,Snowman
image9097.jpg,Christmas_Tree
image9098.jpg,Christmas_Tree
image9105.jpg,Christmas_Tree
image9107.jpg,Airplane
image9109.jpg,Christmas_Tree
image9110.jpg,Jacket
image9115.jpg,Christmas_Tree
image9116.jpg,Miscellaneous
image9118.jpg,Christmas_Tree
image912.jpg,Jacket
image9123.jpg,Miscellaneous
image9124.jpg,Jacket
image9125.jpg,Christmas_Tree
image9131.jpg,Miscellaneous
image9140.jpg,Candle
image9141.jpg,Christmas_Tree
image9144.jpg,Miscellaneous
image9145.jpg,Miscellaneous
image9146.jpg,Miscellaneous
image9148.jpg,Christmas_Tree
image9149.jpg,Jacket
image9150.jpg,Jacket
image9151.jpg,Christmas_Tree
image9152.jpg,Jacket
image9153.jpg,Miscellaneous
image9157.jpg,Airplane
image916.jpg,Jacket
image9162.jpg,Christmas_Tree
image9163.jpg,Miscellaneous
image9166.jpg,Snowman
image9167.jpg,Christmas_Tree
image9168.jpg,Christmas_Tree
image9174.jpg,Christmas_Tree
image918.jpg,Airplane
image9181.jpg,Candle
image9183.jpg,Christmas_Tree
image9186.jpg,Christmas_Tree
image9187.jpg,Miscellaneous
image9190.jpg,Miscellaneous
image9196.jpg,Airplane
image9201.jpg,Christmas_Tree
image9203.jpg,Miscellaneous
image9208.jpg,Christmas_Tree
image9209.jpg,Miscellaneous
image921.jpg,Airplane
image9210.jpg,Miscellaneous
image9211.jpg,Christmas_Tree
image9215.jpg,Miscellaneous
image9216.jpg,Christmas_Tree
image9217.jpg,Miscellaneous
image9218.jpg,Candle
image9219.jpg,Airplane
image9220.jpg,Miscellaneous
image9223.jpg,Christmas_Tree
image9224.jpg,Miscellaneous
image9229.jpg,Candle
image9231.jpg,Miscellaneous
image9232.jpg,Miscellaneous
image9239.jpg,Miscellaneous
image9241.jpg,Candle
image9243.jpg,Candle
image9244.jpg,Christmas_Tree
image9246.jpg,Snowman
image9248.jpg,Miscellaneous
image925.jpg,Snowman
image9251.jpg,Christmas_Tree
image9258.jpg,Miscellaneous
image9259.jpg,Airplane
image9266.jpg,Miscellaneous
image9268.jpg,Airplane
image927.jpg,Christmas_Tree
image9270.jpg,Christmas_Tree
image9279.jpg,Candle
image928.jpg,Airplane
image9282.jpg,Miscellaneous
image9285.jpg,Jacket
image9286.jpg,Candle
image929.jpg,Miscellaneous
image9292.jpg,Christmas_Tree
image9298.jpg,Christmas_Tree
image9299.jpg,Christmas_Tree
image9304.jpg,Candle
image9305.jpg,Jacket
image9307.jpg,Airplane
image9308.jpg,Miscellaneous
image9309.jpg,Christmas_Tree
image931.jpg,Christmas_Tree
image9312.jpg,Miscellaneous
image9313.jpg,Snowman
image9314.jpg,Miscellaneous
image9315.jpg,Christmas_Tree
image9317.jpg,Miscellaneous
image9321.jpg,Christmas_Tree
image9324.jpg,Christmas_Tree
image9326.jpg,Christmas_Tree
image9329.jpg,Christmas_Tree
image933.jpg,Christmas_Tree
image9331.jpg,Miscellaneous
image9332.jpg,Candle
image9337.jpg,Christmas_Tree
image9338.jpg,Candle
image9340.jpg,Christmas_Tree
image9344.jpg,Jacket
image9347.jpg,Miscellaneous
image9351.jpg,Airplane
image9366.jpg,Miscellaneous
image9368.jpg,Miscellaneous
image9372.jpg,Airplane
image9373.jpg,Christmas_Tree
image9375.jpg,Candle
image9376.jpg,Airplane
image9377.jpg,Snowman
image9379.jpg,Jacket
image9386.jpg,Miscellaneous
image9388.jpg,Snowman
image9395.jpg,Miscellaneous
image9398.jpg,Snowman
image94.jpg,Miscellaneous
image9403.jpg,Miscellaneous
image9408.jpg,Snowman
image941.jpg,Snowman
image9412.jpg,Christmas_Tree
image9417.jpg,Miscellaneous
image9418.jpg,Airplane
image9419.jpg,Christmas_Tree
image942.jpg,Jacket
image9426.jpg,Christmas_Tree
image9427.jpg,Miscellaneous
image9429.jpg,Miscellaneous
image9433.jpg,Miscellaneous
image9434.jpg,Candle
image9436.jpg,Airplane
image9439.jpg,Miscellaneous
image9444.jpg,Christmas_Tree
image9446.jpg,Miscellaneous
image9448.jpg,Airplane
image9451.jpg,Christmas_Tree
image946.jpg,Jacket
image9462.jpg,Miscellaneous
image9464.jpg,Christmas_Tree
image9465.jpg,Candle
image9466.jpg,Miscellaneous
image9470.jpg,Miscellaneous
image9472.jpg,Airplane
image9473.jpg,Candle
image9474.jpg,Miscellaneous
image9483.jpg,Christmas_Tree
image9484.jpg,Jacket
image9489.jpg,Christmas_Tree
image9490.jpg,Airplane
image9491.jpg,Christmas_Tree
image9496.jpg,Airplane
image9499.jpg,Miscellaneous
image9500.jpg,Christmas_Tree
image9502.jpg,Christmas_Tree
image9507.jpg,Christmas_Tree
image9510.jpg,Jacket
image9512.jpg,Airplane
image9513.jpg,Miscellaneous
image9516.jpg,Christmas_Tree
image9517.jpg,Christmas_Tree
image9519.jpg,Jacket
image9522.jpg,Christmas_Tree
image9523.jpg,Christmas_Tree
image9524.jpg,Jacket
image9526.jpg,Candle
image9529.jpg,Snowman
image9530.jpg,Miscellaneous
image9532.jpg,Airplane
image9535.jpg,Miscellaneous
image9539.jpg,Airplane
image9540.jpg,Airplane
image9542.jpg,Christmas_Tree
image9544.jpg,Miscellaneous
image9547.jpg,Christmas_Tree
image9552.jpg,Snowman
image9554.jpg,Miscellaneous
image9560.jpg,Jacket
image9564.jpg,Candle
image9565.jpg,Miscellaneous
image9567.jpg,Miscellaneous
image9568.jpg,Candle
image9569.jpg,Christmas_Tree
image9575.jpg,Miscellaneous
image9579.jpg,Snowman
image959.jpg,Jacket
image9595.jpg,Miscellaneous
image9596.jpg,Christmas_Tree
image9599.jpg,Jacket
image960.jpg,Candle
image9602.jpg,Miscellaneous
image9603.jpg,Airplane
image9606.jpg,Miscellaneous
image9607.jpg,Miscellaneous
image9608.jpg,Miscellaneous
image9609.jpg,Miscellaneous
image9611.jpg,Miscellaneous
image9616.jpg,Miscellaneous
image9617.jpg,Miscellaneous
image9618.jpg,Miscellaneous
image9631.jpg,Christmas_Tree
image9632.jpg,Christmas_Tree
image9635.jpg,Miscellaneous
image9637.jpg,Christmas_Tree
image9640.jpg,Miscellaneous
image9644.jpg,Miscellaneous
image9653.jpg,Christmas_Tree
image9654.jpg,Miscellaneous
image9656.jpg,Miscellaneous
image9657.jpg,Christmas_Tree
image9659.jpg,Candle
image966.jpg,Airplane
image9662.jpg,Miscellaneous
image9664.jpg,Miscellaneous
image9668.jpg,Snowman
image967.jpg,Candle
image9670.jpg,Christmas_Tree
image9673.jpg,Miscellaneous
image9674.jpg,Miscellaneous
image9676.jpg,Miscellaneous
image9678.jpg,Miscellaneous
image9679.jpg,Christmas_Tree
image9681.jpg,Airplane
image9683.jpg,Christmas_Tree
image9685.jpg,Snowman
image9687.jpg,Miscellaneous
image969.jpg,Christmas_Tree
image9692.jpg,Miscellaneous
image9696.jpg,Christmas_Tree
image97.jpg,Miscellaneous
image9702.jpg,Candle
image9703.jpg,Miscellaneous
image9704.jpg,Jacket
image9705.jpg,Miscellaneous
image9707.jpg,Christmas_Tree
image9708.jpg,Candle
image971.jpg,Miscellaneous
image9716.jpg,Airplane
image9717.jpg,Christmas_Tree
image9718.jpg,Miscellaneous
image9719.jpg,Candle
image9721.jpg,Jacket
image9728.jpg,Miscellaneous
image973.jpg,Christmas_Tree
image9730.jpg,Miscellaneous
image9735.jpg,Christmas_Tree
image9737.jpg,Miscellaneous
image9740.jpg,Candle
image9741.jpg,Airplane
image9745.jpg,Miscellaneous
image975.jpg,Christmas_Tree
image9750.jpg,Christmas_Tree
image9751.jpg,Miscellaneous
image9756.jpg,Christmas_Tree
image9757.jpg,Christmas_Tree
image9766.jpg,Candle
image9767.jpg,Christmas_Tree
image9771.jpg,Miscellaneous
image9775.jpg,Candle
image9788.jpg,Miscellaneous
image979.jpg,Miscellaneous
image9790.jpg,Miscellaneous
image9793.jpg,Miscellaneous
image9798.jpg,Miscellaneous
image9804.jpg,Candle
image9814.jpg,Airplane
image982.jpg,Miscellaneous
image9826.jpg,Miscellaneous
image9830.jpg,Miscellaneous
image9832.jpg,Miscellaneous
image9834.jpg,Christmas_Tree
image9835.jpg,Miscellaneous
image9839.jpg,Miscellaneous
image984.jpg,Miscellaneous
image9841.jpg,Christmas_Tree
image9844.jpg,Snowman
image9846.jpg,Candle
image9848.jpg,Airplane
image9849.jpg,Miscellaneous
image985.jpg,Christmas_Tree
image9851.jpg,Miscellaneous
image9853.jpg,Snowman
image9858.jpg,Jacket
image9859.jpg,Jacket
image9861.jpg,Miscellaneous
image9867.jpg,Jacket
image9868.jpg,Candle
image987.jpg,Miscellaneous
image9870.jpg,Candle
image9872.jpg,Christmas_Tree
image9873.jpg,Christmas_Tree
image9874.jpg,Miscellaneous
image9876.jpg,Miscellaneous
image9878.jpg,Airplane
image988.jpg,Miscellaneous
image9880.jpg,Airplane
image9881.jpg,Christmas_Tree
image9885.jpg,Christmas_Tree
image9898.jpg,Jacket
image9900.jpg,Christmas_Tree
image9901.jpg,Miscellaneous
image9905.jpg,Candle
image991.jpg,Christmas_Tree
image9912.jpg,Airplane
image9915.jpg,Christmas_Tree
image9919.jpg,Miscellaneous
image992.jpg,Jacket
image9926.jpg,Miscellaneous
image9927.jpg,Miscellaneous
image9928.jpg,Miscellaneous
image9939.jpg,Jacket
image9940.jpg,Jacket
image9941.jpg,Miscellaneous
image9943.jpg,Jacket
image9947.jpg,Miscellaneous
image9949.jpg,Candle
image995.jpg,Miscellaneous
image9951.jpg,Miscellaneous
image9952.jpg,Miscellaneous
image9953.jpg,Christmas_Tree
image9956.jpg,Miscellaneous
image9958.jpg,Christmas_Tree
image9960.jpg,Candle
image997.jpg,Jacket
